Record Number,Document ID,Page ID,Line ID,Language,Reference Text,Image Path,Review Status,Place Mentions (Original Text),Resolved Places,Notes
1,1490,1490_00,1490_00_r1l41,la,spiritum gubernantem tribuimus,/Users/shaotongsmac/Desktop/bullinger-htr/train/extracted_0_2000/0-2000-out/la/1490_00_r1l41.png,Not reviewed,,,
2,731,731_00,731_00_r1l22,la,"Aegyptum et tendere in terram promissam,",/Users/shaotongsmac/Desktop/bullinger-htr/train/extracted_0_2000/0-2000-out/la/731_00_r1l22.png,Not reviewed,,,
3,438,438_00,438_00_r2l23,la,"idque haud parum incomodi et periculi mihi hactenus attulit, deo patri misericordiarum",/Users/shaotongsmac/Desktop/bullinger-htr/train/extracted_0_2000/0-2000-out/la/438_00_r2l23.png,Not reviewed,,,
4,1576,1576_00,1576_00_r1l38,de,"dise frucht volgen, das man sich dem herren zu solcher",/Users/shaotongsmac/Desktop/bullinger-htr/train/extracted_0_2000/0-2000-out/de/1576_00_r1l38.png,Not reviewed,,,
5,729,729_01,729_01_r1l3,la,"primum desertus, deinde rege per proceres regni",/Users/shaotongsmac/Desktop/bullinger-htr/train/extracted_0_2000/0-2000-out/la/729_01_r1l3.png,Not reviewed,,,
6,1149,1149_02,1149_02_r2l19,de,"In summa, ich achten, es werde oder hab nunmer",/Users/shaotongsmac/Desktop/bullinger-htr/train/extracted_0_2000/0-2000-out/de/1149_02_r2l19.png,Not reviewed,,,
7,1891,1891_01,1891_01_r1l10,la,"gracias et hominem officiis nostris sic tractemus,",/Users/shaotongsmac/Desktop/bullinger-htr/train/extracted_0_2000/0-2000-out/la/1891_01_r1l10.png,Not reviewed,,,
8,716,716_00,716_00_r1l4,la,"benevolentia mihi exhibita. Memor ero semper et rependam, si quando",/Users/shaotongsmac/Desktop/bullinger-htr/train/extracted_0_2000/0-2000-out/la/716_00_r1l4.png,Not reviewed,,,
9,196,196_00,196_00_r2l34,la,Iunii. Musculus ergo dessertus ab ecclesia se ad nos,/Users/shaotongsmac/Desktop/bullinger-htr/train/extracted_0_2000/0-2000-out/la/196_00_r2l34.png,Not reviewed,,,
10,367,367_02,367_02_r3l10,de,vil das er sich uns da mer geben und mitteilen welle anders dann,/Users/shaotongsmac/Desktop/bullinger-htr/train/extracted_0_2000/0-2000-out/de/367_02_r3l10.png,Not reviewed,,,
11,770,770_00,770_00_r1l30,la,lingua dicitur Hans Herwagen; is mihi tuas expeditiori itinere Argentinam,/Users/shaotongsmac/Desktop/bullinger-htr/train/extracted_0_2000/0-2000-out/la/770_00_r1l30.png,Not reviewed,,,
12,788,788_00,788_00_r1l13,de,ordenlichen hochen oberkait allhie zuͦ Santgallen anderstails,/Users/shaotongsmac/Desktop/bullinger-htr/train/extracted_0_2000/0-2000-out/de/788_00_r1l13.png,Not reviewed,,,
13,1564,1564_00,1564_00_r1l11,la,Hic omnia,/Users/shaotongsmac/Desktop/bullinger-htr/train/extracted_0_2000/0-2000-out/la/1564_00_r1l11.png,Not reviewed,,,
14,770,770_00,770_00_r1l10,la,"cupide illinc discessi, ut etiam dati responsi schemate et elegantius dissimulaverim, quod",/Users/shaotongsmac/Desktop/bullinger-htr/train/extracted_0_2000/0-2000-out/la/770_00_r1l10.png,Not reviewed,,,
15,485,485_01,485_01_r1l5,de,geben uff den sommer. Es kompt jetzs uff Georgij vil adels,/Users/shaotongsmac/Desktop/bullinger-htr/train/extracted_0_2000/0-2000-out/de/485_01_r1l5.png,Not reviewed,,,
16,499,499_00,499_00_r3l36,la,semper primi capitanei Hispanorum praesentia. Vivit constante,/Users/shaotongsmac/Desktop/bullinger-htr/train/extracted_0_2000/0-2000-out/la/499_00_r3l36.png,Not reviewed,,,
17,1601,1601_00,1601_00_r1l10,la,improbitate defendi nec ipse mihi satis facio. Quin magis,/Users/shaotongsmac/Desktop/bullinger-htr/train/extracted_0_2000/0-2000-out/la/1601_00_r1l10.png,Not reviewed,,,
18,213,213_01,213_01_r1l1,la,Doctissimo simul ac christianissimo,/Users/shaotongsmac/Desktop/bullinger-htr/train/extracted_0_2000/0-2000-out/la/213_01_r1l1.png,Not reviewed,,,
19,1747,1747_00,1747_00_r2l6,la,impediatur. Nunciata est mihi his diebus mors doctoris,/Users/shaotongsmac/Desktop/bullinger-htr/train/extracted_0_2000/0-2000-out/la/1747_00_r2l6.png,Not reviewed,,,
20,911,911_03,911_03_r3l24,la,Ioachimus Vadianus tuus.,/Users/shaotongsmac/Desktop/bullinger-htr/train/extracted_0_2000/0-2000-out/la/911_03_r3l24.png,Not reviewed,,,
21,1565,1565_00,1565_00_r1l13,la,"non imputat nobis peccata et ex fide, quam ipse nobis",/Users/shaotongsmac/Desktop/bullinger-htr/train/extracted_0_2000/0-2000-out/la/1565_00_r1l13.png,Not reviewed,,,
22,595,595_00,595_00_r1l17,la,"vobis ad Calvini epistolam respondendum esse, inter alia aec ponuntur:",/Users/shaotongsmac/Desktop/bullinger-htr/train/extracted_0_2000/0-2000-out/la/595_00_r1l17.png,Not reviewed,,,
23,625,625_02,625_02_r2l22,la,"nostri Iesu Christi et per gloriosum adventum eius, studete concordię, unitati et paci.",/Users/shaotongsmac/Desktop/bullinger-htr/train/extracted_0_2000/0-2000-out/la/625_02_r2l22.png,Not reviewed,,,
24,1437,1437_01,1437_01_r1l3,la,domine,/Users/shaotongsmac/Desktop/bullinger-htr/train/extracted_0_2000/0-2000-out/la/1437_01_r1l3.png,Not reviewed,,,
25,15,15_00,15_00_r4l7,la,"ornatissime vir, attamen consulem nostrum Heimium non",/Users/shaotongsmac/Desktop/bullinger-htr/train/extracted_0_2000/0-2000-out/la/15_00_r4l7.png,Not reviewed,,,
26,1420,1420_00,1420_00_r1l8,la,"miserabilium hominum, et utinam nos ipsi non",/Users/shaotongsmac/Desktop/bullinger-htr/train/extracted_0_2000/0-2000-out/la/1420_00_r1l8.png,Not reviewed,,,
27,931,931_00,931_00_r2l8,la,"sponte donat, ut reliquum ferat. Si quid aliud debent, mihi non est curę, nec, si velim, inquirere",/Users/shaotongsmac/Desktop/bullinger-htr/train/extracted_0_2000/0-2000-out/la/931_00_r2l8.png,Not reviewed,,,
28,1483,1483_01,1483_01_r4l15,la,fundamentum est) gratuitae dei misericordiae,/Users/shaotongsmac/Desktop/bullinger-htr/train/extracted_0_2000/0-2000-out/la/1483_01_r4l15.png,Not reviewed,,,
29,1967,1967_00,1967_00_r1l13,la,hostes pessime proscindant atque proscindant etiam publice pro concione,/Users/shaotongsmac/Desktop/bullinger-htr/train/extracted_0_2000/0-2000-out/la/1967_00_r1l13.png,Not reviewed,,,
30,1577,1577_00,1577_00_r2l18,la,"Monarchis, potentatibus, et qui sunt horum similes, placent, id quod abunde satis est illis,",/Users/shaotongsmac/Desktop/bullinger-htr/train/extracted_0_2000/0-2000-out/la/1577_00_r2l18.png,Not reviewed,,,
31,1812,1812_03,1812_03_r3l28,la,rationes illorum postulare videro. Bene valete et,/Users/shaotongsmac/Desktop/bullinger-htr/train/extracted_0_2000/0-2000-out/la/1812_03_r3l28.png,Not reviewed,,,
32,1529,1529_03,1529_03_r2l8,la,"potuisset, cum proxime Londini essem; nam ultro e sua",/Users/shaotongsmac/Desktop/bullinger-htr/train/extracted_0_2000/0-2000-out/la/1529_03_r2l8.png,Not reviewed,,,
33,498,498_01,498_01_r1l7,de,Zürich.,/Users/shaotongsmac/Desktop/bullinger-htr/train/extracted_0_2000/0-2000-out/de/498_01_r1l7.png,Not reviewed,,,
34,799,799_00,799_00_r2l34,la,"ex integro liberandam. Proinde de pontifice Romano, quidquis tandem",/Users/shaotongsmac/Desktop/bullinger-htr/train/extracted_0_2000/0-2000-out/la/799_00_r2l34.png,Not reviewed,,,
35,1054,1054_00,1054_00_r1l5,la,"tale numisma marsupium tuum desiderarit, nichil eque desidero, quam ut hoc uno vetustissimo nummo decoretur;",/Users/shaotongsmac/Desktop/bullinger-htr/train/extracted_0_2000/0-2000-out/la/1054_00_r1l5.png,Not reviewed,,,
36,757,757_00,757_00_r1l17,la,"misissem, si nuncium Basileam habuissem. Has literas dedi ad d. Froschoverum, ut quamprimum",/Users/shaotongsmac/Desktop/bullinger-htr/train/extracted_0_2000/0-2000-out/la/757_00_r1l17.png,Not reviewed,,,
37,959,959_01,959_01_r2l28,de,"was byßhar by üch verbotten oder nitt verbottenn, ob diße",/Users/shaotongsmac/Desktop/bullinger-htr/train/extracted_0_2000/0-2000-out/de/959_01_r2l28.png,Not reviewed,,,
38,567,567_01,567_01_r2l9,de,"Zürich zuͦ Froschowero gfertiget werdend; weiß nitt, ob si darkommen",/Users/shaotongsmac/Desktop/bullinger-htr/train/extracted_0_2000/0-2000-out/de/567_01_r2l9.png,Not reviewed,,,
39,878,878_01,878_01_r2l14,la,Rex quidam Aphricanus exul factus venit,/Users/shaotongsmac/Desktop/bullinger-htr/train/extracted_0_2000/0-2000-out/la/878_01_r2l14.png,Not reviewed,,,
40,205,205_02,205_02_r1l28,la,periclitari malint quam antichristiana,/Users/shaotongsmac/Desktop/bullinger-htr/train/extracted_0_2000/0-2000-out/la/205_02_r1l28.png,Not reviewed,,,
41,1931,1931_00,1931_00_r1l23,la,"Verum singula mox exactius cognoscemus, cum hic primus nuncius sit.",/Users/shaotongsmac/Desktop/bullinger-htr/train/extracted_0_2000/0-2000-out/la/1931_00_r1l23.png,Not reviewed,,,
42,1662,1662_00,1662_00_r2l2,la,"D. Literas tuas, Bullingere colendissime, cum doctissimis tuis de eucharistiae",/Users/shaotongsmac/Desktop/bullinger-htr/train/extracted_0_2000/0-2000-out/la/1662_00_r2l2.png,Not reviewed,,,
43,578,578_01,578_01_r1l36,la,praesertim cum ante multos annos habitae sint apud,/Users/shaotongsmac/Desktop/bullinger-htr/train/extracted_0_2000/0-2000-out/la/578_01_r1l36.png,Not reviewed,,,
44,435,435_01,435_01_r2l3,de,"zum Münster, mynen",/Users/shaotongsmac/Desktop/bullinger-htr/train/extracted_0_2000/0-2000-out/de/435_01_r2l3.png,Not reviewed,,,
45,51,51_00,51_00_r2l16,la,quoniam in faciem resistere ausus est Andreas,/Users/shaotongsmac/Desktop/bullinger-htr/train/extracted_0_2000/0-2000-out/la/51_00_r2l16.png,Not reviewed,,,
46,1876,1876_00,1876_00_r1l30,la,haec ratione naturali contingere posse?,/Users/shaotongsmac/Desktop/bullinger-htr/train/extracted_0_2000/0-2000-out/la/1876_00_r1l30.png,Not reviewed,,,
47,727,727_00,727_00_r1l7,la,"Praeterea audaculum fecit in symmystas meos, praesertim Iacobum",/Users/shaotongsmac/Desktop/bullinger-htr/train/extracted_0_2000/0-2000-out/la/727_00_r1l7.png,Not reviewed,,,
48,615,615_01,615_01_r1l1,la,Doctrina et pietate clarissimo,/Users/shaotongsmac/Desktop/bullinger-htr/train/extracted_0_2000/0-2000-out/la/615_01_r1l1.png,Not reviewed,,,
49,1785,1785_00,1785_00_r1l10,la,"se apud Episcopios sic insinuarat, ut inscio nostro magistratu sufficeretur",/Users/shaotongsmac/Desktop/bullinger-htr/train/extracted_0_2000/0-2000-out/la/1785_00_r1l10.png,Not reviewed,,,
50,1798,1798_00,1798_00_r3l21,la,septimo calendas februarii anno 1553.,/Users/shaotongsmac/Desktop/bullinger-htr/train/extracted_0_2000/0-2000-out/la/1798_00_r3l21.png,Not reviewed,,,
51,499,499_01,499_01_r2l25,la,"cum Caesar adhuc erat in superiori Germania, fuit",/Users/shaotongsmac/Desktop/bullinger-htr/train/extracted_0_2000/0-2000-out/la/499_01_r2l25.png,Not reviewed,,,
52,1581,1581_00,1581_00_r1l11,la,literas haberet ac illi ipsi sessiones quoque communicari,/Users/shaotongsmac/Desktop/bullinger-htr/train/extracted_0_2000/0-2000-out/la/1581_00_r1l11.png,Not reviewed,,,
53,140,140_00,140_00_r1l2,de,"Sydthar meyns forigen schreibens thu ich dir kund, das die stett alle",/Users/shaotongsmac/Desktop/bullinger-htr/train/extracted_0_2000/0-2000-out/de/140_00_r1l2.png,Not reviewed,,,
54,449,449_00,449_00_r1l32,la,"Anglorum muris portibusque vallato, usque Edingburgum totius Scotiae metropolin, omnia sunt",/Users/shaotongsmac/Desktop/bullinger-htr/train/extracted_0_2000/0-2000-out/la/449_00_r1l32.png,Not reviewed,,,
55,630,630_00,630_00_r1l40,la,Ioannes Calvinus tuus.,/Users/shaotongsmac/Desktop/bullinger-htr/train/extracted_0_2000/0-2000-out/la/630_00_r1l40.png,Not reviewed,,,
56,399,399_00,399_00_r1l48,la,ad te scripsi; id enim absque magno tum vitę tum,/Users/shaotongsmac/Desktop/bullinger-htr/train/extracted_0_2000/0-2000-out/la/399_00_r1l48.png,Not reviewed,,,
57,681,681_00,681_00_r2l12,la,"et in tempore tentationis recedunt."" Ex quo constat, quod evangelium nunquam synceriter",/Users/shaotongsmac/Desktop/bullinger-htr/train/extracted_0_2000/0-2000-out/la/681_00_r2l12.png,Not reviewed,,,
58,282,282_01,282_01_r1l2,de,rechenschafft geben ires glouben. Sic spectaculo debent esse,/Users/shaotongsmac/Desktop/bullinger-htr/train/extracted_0_2000/0-2000-out/de/282_01_r1l2.png,Not reviewed,,,
59,963,963_00,963_00_r1l2,la,"Quales Ulmenses, quales Norimbergenses antea fuerint, nescio;",/Users/shaotongsmac/Desktop/bullinger-htr/train/extracted_0_2000/0-2000-out/la/963_00_r1l2.png,Not reviewed,,,
60,1065,1065_01,1065_01_r2l8,de,"von Meckelburg dem jüngeren, welches vater",/Users/shaotongsmac/Desktop/bullinger-htr/train/extracted_0_2000/0-2000-out/de/1065_01_r2l8.png,Not reviewed,,,
61,163,163_00,163_00_r1l35,la,nondum sunt reconciliati Caesari. Orandus,/Users/shaotongsmac/Desktop/bullinger-htr/train/extracted_0_2000/0-2000-out/la/163_00_r1l35.png,Not reviewed,,,
62,739,739_00,739_00_r1l21,la,"profecto labor est. Ego te oro, ut mihi consilium tuum impertias, quid",/Users/shaotongsmac/Desktop/bullinger-htr/train/extracted_0_2000/0-2000-out/la/739_00_r1l21.png,Not reviewed,,,
63,196,196_00,196_00_r2l17,la,consulas meam audatiam et hactenus mihi inservias.,/Users/shaotongsmac/Desktop/bullinger-htr/train/extracted_0_2000/0-2000-out/la/196_00_r2l17.png,Not reviewed,,,
64,579,579_00,579_00_r2l12,la,"quod olim, priusquam ita desiperet, scripsit,",/Users/shaotongsmac/Desktop/bullinger-htr/train/extracted_0_2000/0-2000-out/la/579_00_r2l12.png,Not reviewed,,,
65,503,503_00,503_00_r1l54,la,"quod Philippi sapit ingenium, contra Islebium lectu dignum, quod aliquando remittes.",/Users/shaotongsmac/Desktop/bullinger-htr/train/extracted_0_2000/0-2000-out/la/503_00_r1l54.png,Not reviewed,,,
66,165,165_00,165_00_r1l27,la,his diebus Caelius Angelos novo praelio fudisse Scotos una cum,/Users/shaotongsmac/Desktop/bullinger-htr/train/extracted_0_2000/0-2000-out/la/165_00_r1l27.png,Not reviewed,,,
67,1999,1999_00,1999_00_r2l2,la,Omnia in nostris synodis satis foeliciter successerunt. Domino,/Users/shaotongsmac/Desktop/bullinger-htr/train/extracted_0_2000/0-2000-out/la/1999_00_r2l2.png,Not reviewed,,,
68,161,161_00,161_00_r1l11,la,"Simlero, quem e sacro fonte sustulisti: cui paratissimus sum",/Users/shaotongsmac/Desktop/bullinger-htr/train/extracted_0_2000/0-2000-out/la/161_00_r1l11.png,Not reviewed,,,
69,931,931_00,931_00_r2l17,la,"equis suis nuper, dum hic esset . De alia installatione nihil novimus. Scripsit post eiectionem adeo",/Users/shaotongsmac/Desktop/bullinger-htr/train/extracted_0_2000/0-2000-out/la/931_00_r2l17.png,Not reviewed,,,
70,1347,1347_00,1347_00_r1l29,la,memoria. Duces Urbini et Ferrariensis,/Users/shaotongsmac/Desktop/bullinger-htr/train/extracted_0_2000/0-2000-out/la/1347_00_r1l29.png,Not reviewed,,,
71,216,216_00,216_00_r1l27,la,"Interim, hocne accipere velint proiecta",/Users/shaotongsmac/Desktop/bullinger-htr/train/extracted_0_2000/0-2000-out/la/216_00_r1l27.png,Not reviewed,,,
72,1969,1969_00,1969_00_r1l8,la,ad scribendum impelleret ac scribendum non cuivis familiarissimo meorum,/Users/shaotongsmac/Desktop/bullinger-htr/train/extracted_0_2000/0-2000-out/la/1969_00_r1l8.png,Not reviewed,,,
73,1049,1049_00,1049_00_r1l35,la,"nomen audivi aliquando, sed qualis sit, hactenus ignoravi. Aiunt d. Ioachimum nonnihil turbatum.",/Users/shaotongsmac/Desktop/bullinger-htr/train/extracted_0_2000/0-2000-out/la/1049_00_r1l35.png,Not reviewed,,,
74,402,402_01,402_01_r1l1,la,"infimo loco apud Wirtenbergenses haesit, nunc dimissis",/Users/shaotongsmac/Desktop/bullinger-htr/train/extracted_0_2000/0-2000-out/la/402_01_r1l1.png,Not reviewed,,,
75,959,959_01,959_01_r2l40,de,"dritten grads und von wegen anderer eehaften ursachenn,",/Users/shaotongsmac/Desktop/bullinger-htr/train/extracted_0_2000/0-2000-out/de/959_01_r2l40.png,Not reviewed,,,
76,595,595_00,595_00_r1l13,la,Nihil tamen retulimus ad fratres de hoc vestro consilio. Videtur expectandum,/Users/shaotongsmac/Desktop/bullinger-htr/train/extracted_0_2000/0-2000-out/la/595_00_r1l13.png,Not reviewed,,,
77,1008,1008_03,1008_03_r3l9,la,Micronius.,/Users/shaotongsmac/Desktop/bullinger-htr/train/extracted_0_2000/0-2000-out/la/1008_03_r3l9.png,Not reviewed,,,
78,1087,1087_00,1087_00_r1l11,la,"Falsorum fratrum magnus est proventus et uber ubique, quos",/Users/shaotongsmac/Desktop/bullinger-htr/train/extracted_0_2000/0-2000-out/la/1087_00_r1l11.png,Not reviewed,,,
79,590,590_01,590_01_r1l5,de,"herren, ze hannden.",/Users/shaotongsmac/Desktop/bullinger-htr/train/extracted_0_2000/0-2000-out/de/590_01_r1l5.png,Not reviewed,,,
80,960,960_00,960_00_r1l21,la,nescio quid mali audiam. Basileę 5. iulii anno 1550.,/Users/shaotongsmac/Desktop/bullinger-htr/train/extracted_0_2000/0-2000-out/la/960_00_r1l21.png,Not reviewed,,,
81,745,745_02,745_02_r1l42,la,"qui ad ministerium erudiuntur, quantum denique toti ecclesiae",/Users/shaotongsmac/Desktop/bullinger-htr/train/extracted_0_2000/0-2000-out/la/745_02_r1l42.png,Not reviewed,,,
82,420,420_01,420_01_r2l21,de,"So bitt ich euch, ir wöllend solch min schreiben her",/Users/shaotongsmac/Desktop/bullinger-htr/train/extracted_0_2000/0-2000-out/de/420_01_r2l21.png,Not reviewed,,,
83,1570,1570_00,1570_00_r1l22,la,"e cęlo tactum est templum, sicque idololatriam dominus delevit eo in loco. Utinam",/Users/shaotongsmac/Desktop/bullinger-htr/train/extracted_0_2000/0-2000-out/la/1570_00_r1l22.png,Not reviewed,,,
84,1340,1340_00,1340_00_r1l19,la,"et quam displicerent omnes, qui contra contenderent. Inter alia his verbis utebatur:",/Users/shaotongsmac/Desktop/bullinger-htr/train/extracted_0_2000/0-2000-out/la/1340_00_r1l19.png,Not reviewed,,,
85,1693,1693_00,1693_00_r1l4,la,Salus in filio dei!,/Users/shaotongsmac/Desktop/bullinger-htr/train/extracted_0_2000/0-2000-out/la/1693_00_r1l4.png,Not reviewed,,,
86,380,380_01,380_01_r1l24,de,imm sein land habend abgenomen und sein veste Wolfenbeutel mit,/Users/shaotongsmac/Desktop/bullinger-htr/train/extracted_0_2000/0-2000-out/de/380_01_r1l24.png,Not reviewed,,,
87,1529,1529_00,1529_00_r2l18,la,"careremus, sed ne genus quidem ullum optimarum artium",/Users/shaotongsmac/Desktop/bullinger-htr/train/extracted_0_2000/0-2000-out/la/1529_00_r2l18.png,Not reviewed,,,
88,1005,1005_00,1005_00_r1l19,la,"fieri nihil unquam poterit, et perpetua memoria, quoad",/Users/shaotongsmac/Desktop/bullinger-htr/train/extracted_0_2000/0-2000-out/la/1005_00_r1l19.png,Not reviewed,,,
89,1656,1656_03,1656_03_r1l6,la,operam dare ac illis imbutus tandem patrias,/Users/shaotongsmac/Desktop/bullinger-htr/train/extracted_0_2000/0-2000-out/la/1656_03_r1l6.png,Not reviewed,,,
90,830,830_00,830_00_r1l21,la,De servo pistoris Wiennę Austrię combusto brevi mittam integram,/Users/shaotongsmac/Desktop/bullinger-htr/train/extracted_0_2000/0-2000-out/la/830_00_r1l21.png,Not reviewed,,,
91,276,276_01,276_01_r1l3,la,"non credebat; nunc credit persuasus a Stancaro, neque id tibi scriberem",/Users/shaotongsmac/Desktop/bullinger-htr/train/extracted_0_2000/0-2000-out/la/276_01_r1l3.png,Not reviewed,,,
92,480,480_00,480_00_r2l15,la,"molestias. Quę feruntur de Hedione, credo non esse",/Users/shaotongsmac/Desktop/bullinger-htr/train/extracted_0_2000/0-2000-out/la/480_00_r2l15.png,Not reviewed,,,
93,918,918_00,918_00_r1l29,la,Iam dudum sparsit fama pontificem duos cardinales,/Users/shaotongsmac/Desktop/bullinger-htr/train/extracted_0_2000/0-2000-out/la/918_00_r1l29.png,Not reviewed,,,
94,1252,1252_01,1252_01_r1l15,la,"ad Romanos affuerunt: nos mutuo sumus amice in domino cohortati, et maxima",/Users/shaotongsmac/Desktop/bullinger-htr/train/extracted_0_2000/0-2000-out/la/1252_01_r1l15.png,Not reviewed,,,
95,1931,1931_00,1931_00_r1l7,la,conflictus inter marchionem et Mauricium; pugna fuit acris die,/Users/shaotongsmac/Desktop/bullinger-htr/train/extracted_0_2000/0-2000-out/la/1931_00_r1l7.png,Not reviewed,,,
96,1959,1959_00,1959_00_r1l22,la,"regem nunc Boaemiae, locum evangelio Christi fecisse d. Bartolomeus",/Users/shaotongsmac/Desktop/bullinger-htr/train/extracted_0_2000/0-2000-out/la/1959_00_r1l22.png,Not reviewed,,,
97,799,799_01,799_01_r1l14,la,1550.,/Users/shaotongsmac/Desktop/bullinger-htr/train/extracted_0_2000/0-2000-out/la/799_01_r1l14.png,Not reviewed,,,
98,729,729_00,729_00_r1l25,la,"regni impensam oportuit, in sumptuosissimis aedificiis extruendis",/Users/shaotongsmac/Desktop/bullinger-htr/train/extracted_0_2000/0-2000-out/la/729_00_r1l25.png,Not reviewed,,,
99,1801,1801_01,1801_01_r1l3,la,domino fratri et veteri amico colendissimo.,/Users/shaotongsmac/Desktop/bullinger-htr/train/extracted_0_2000/0-2000-out/la/1801_01_r1l3.png,Not reviewed,,,
100,1081,1081_00,1081_00_r1l4,de,"auch mittailen. Ich acht, es hab got den",/Users/shaotongsmac/Desktop/bullinger-htr/train/extracted_0_2000/0-2000-out/de/1081_00_r1l4.png,Not reviewed,,,
101,1342,1342_00,1342_00_r1l16,la,"veritatem rei expectamus. O facinus egregium, si res ita evenisset.",/Users/shaotongsmac/Desktop/bullinger-htr/train/extracted_0_2000/0-2000-out/la/1342_00_r1l16.png,Not reviewed,,,
102,1584,1584_00,1584_00_r1l24,la,"calend. martii,",/Users/shaotongsmac/Desktop/bullinger-htr/train/extracted_0_2000/0-2000-out/la/1584_00_r1l24.png,Not reviewed,,,
103,1060,1060_01,1060_01_r1l5,de,herren und freunnd.,/Users/shaotongsmac/Desktop/bullinger-htr/train/extracted_0_2000/0-2000-out/de/1060_01_r1l5.png,Not reviewed,,,
104,1446,1446_00,1446_00_r2l12,la,"commendatur, hunc mihi consensum in religione vobiscum summopere gratulor;",/Users/shaotongsmac/Desktop/bullinger-htr/train/extracted_0_2000/0-2000-out/la/1446_00_r2l12.png,Not reviewed,,,
105,1384,1384_00,1384_00_r2l20,la,quod papatus olim habuit initium huiusmodi; nam postquam episcopi sive presbiteri vocabantur,/Users/shaotongsmac/Desktop/bullinger-htr/train/extracted_0_2000/0-2000-out/la/1384_00_r2l20.png,Not reviewed,,,
106,585,585_01,585_01_r1l4,la,fratri consessisse etc. Quinque diebus deliberatum,/Users/shaotongsmac/Desktop/bullinger-htr/train/extracted_0_2000/0-2000-out/la/585_01_r1l4.png,Not reviewed,,,
107,666,666_01,666_01_r2l3,la,controversiae religionis dirimantur aut pellantur vanę,/Users/shaotongsmac/Desktop/bullinger-htr/train/extracted_0_2000/0-2000-out/la/666_01_r2l3.png,Not reviewed,,,
108,1546,1546_00,1546_00_r1l14,la,"Exercitus Mauricianus in Thuringia adhuc hęret, ac",/Users/shaotongsmac/Desktop/bullinger-htr/train/extracted_0_2000/0-2000-out/la/1546_00_r1l14.png,Not reviewed,,,
109,831,831_00,831_00_r2l33,la,"animo. Anglicanum, Germanicum, Gallicum et Latinum idioma mediocriter",/Users/shaotongsmac/Desktop/bullinger-htr/train/extracted_0_2000/0-2000-out/la/831_00_r2l33.png,Not reviewed,,,
110,154,154_01,154_01_r2l3,de,"Fürwar mich beduͦnkt, solt die kays. Mt. die statt zuͦ seinem willen bekhomen,",/Users/shaotongsmac/Desktop/bullinger-htr/train/extracted_0_2000/0-2000-out/de/154_01_r2l3.png,Not reviewed,,,
111,788,788_00,788_00_r1l2,de,"Unser fruntlicher grütz mitt erbiettung der eeren, und was",/Users/shaotongsmac/Desktop/bullinger-htr/train/extracted_0_2000/0-2000-out/de/788_00_r1l2.png,Not reviewed,,,
112,624,624_04,624_04_r1l30,la,proficiscens rescripsit se humanissime ubique a concionatoribus Saxonicis exceptum et post,/Users/shaotongsmac/Desktop/bullinger-htr/train/extracted_0_2000/0-2000-out/la/624_04_r1l30.png,Not reviewed,,,
113,615,615_00,615_00_r1l10,la,"Lelios, meum ad vos reditum post ipsius ad nos differam. Erit et",/Users/shaotongsmac/Desktop/bullinger-htr/train/extracted_0_2000/0-2000-out/la/615_00_r1l10.png,Not reviewed,,,
114,515,515_00,515_00_r1l11,la,illam non esse amissam sed praemissam. Brevi enim,/Users/shaotongsmac/Desktop/bullinger-htr/train/extracted_0_2000/0-2000-out/la/515_00_r1l11.png,Not reviewed,,,
115,592,592_02,592_02_r3l13,la,impudentiam suam ibi demum exposuerunt. Ego vero perlecto illo,/Users/shaotongsmac/Desktop/bullinger-htr/train/extracted_0_2000/0-2000-out/la/592_02_r3l13.png,Not reviewed,,,
116,462,462_00,462_00_r1l23,de,ich wils aber bald erfaren. Es seind eben nobis,/Users/shaotongsmac/Desktop/bullinger-htr/train/extracted_0_2000/0-2000-out/de/462_00_r1l23.png,Not reviewed,,,
117,1147,1147_00,1147_00_r2l13,la,"literas reddiderit. Optarim enim tibi redditas esse, ut",/Users/shaotongsmac/Desktop/bullinger-htr/train/extracted_0_2000/0-2000-out/la/1147_00_r2l13.png,Not reviewed,,,
118,962,962_00,962_00_r1l2,la,"Cum interrogaret Raphael noster in reditu ad vos suo,",/Users/shaotongsmac/Desktop/bullinger-htr/train/extracted_0_2000/0-2000-out/la/962_00_r1l2.png,Not reviewed,,,
119,487,487_00,487_00_r1l6,la,"me non deceat, sed hoc, quod maius est, quod causa nulla mihi scribendi erat",/Users/shaotongsmac/Desktop/bullinger-htr/train/extracted_0_2000/0-2000-out/la/487_00_r1l6.png,Not reviewed,,,
120,1601,1601_01,1601_01_r2l16,la,Sangalli 19. marcii,/Users/shaotongsmac/Desktop/bullinger-htr/train/extracted_0_2000/0-2000-out/la/1601_01_r2l16.png,Not reviewed,,,
121,1435,1435_02,1435_02_r1l10,la,"est, quare quadringentos pedites ad illam ire contendentes",/Users/shaotongsmac/Desktop/bullinger-htr/train/extracted_0_2000/0-2000-out/la/1435_02_r1l10.png,Not reviewed,,,
122,397,397_00,397_00_r1l2,de,Üwer schryben hab ich verstanden und die handlung dem,/Users/shaotongsmac/Desktop/bullinger-htr/train/extracted_0_2000/0-2000-out/de/397_00_r1l2.png,Not reviewed,,,
123,1169,1169_00,1169_00_r1l4,de,das du uff dinen gschrifflichen anzug und,/Users/shaotongsmac/Desktop/bullinger-htr/train/extracted_0_2000/0-2000-out/de/1169_00_r1l4.png,Not reviewed,,,
124,901,901_00,901_00_r1l26,la,"sed sui propositi paulo retinentiores excitata sint. Cavendum certe, fratres dilectissimi,",/Users/shaotongsmac/Desktop/bullinger-htr/train/extracted_0_2000/0-2000-out/la/901_00_r1l26.png,Not reviewed,,,
125,1373,1373_01,1373_01_r2l14,la,quominus tanto beneficio fruamur. Laborat quidem pro officio suo,/Users/shaotongsmac/Desktop/bullinger-htr/train/extracted_0_2000/0-2000-out/la/1373_01_r2l14.png,Not reviewed,,,
126,1562,1562_01,1562_01_r1l26,de,"bedürfftig, dann wir euch wol vyl mher",/Users/shaotongsmac/Desktop/bullinger-htr/train/extracted_0_2000/0-2000-out/de/1562_01_r1l26.png,Not reviewed,,,
127,403,403_01,403_01_r1l2,la,"er wirt nun auch ein authorem publice anheben zlesen, aut Horatium",/Users/shaotongsmac/Desktop/bullinger-htr/train/extracted_0_2000/0-2000-out/la/403_01_r1l2.png,Not reviewed,,,
128,314,314_00,314_00_r2l34,de,botten schickend und üwer herren unsern,/Users/shaotongsmac/Desktop/bullinger-htr/train/extracted_0_2000/0-2000-out/de/314_00_r2l34.png,Not reviewed,,,
129,561,561_01,561_01_r3l19,la,istis et ministris huius ecclesię coniungerem: id,/Users/shaotongsmac/Desktop/bullinger-htr/train/extracted_0_2000/0-2000-out/la/561_01_r3l19.png,Not reviewed,,,
130,1728,1728_00,1728_00_r1l27,la,id et tibi communicabo. Caesar non est procul,/Users/shaotongsmac/Desktop/bullinger-htr/train/extracted_0_2000/0-2000-out/la/1728_00_r1l27.png,Not reviewed,,,
131,659,659_00,659_00_r2l3,la,indicare non mirum; peccata nostra id iam olim ferre debebant.,/Users/shaotongsmac/Desktop/bullinger-htr/train/extracted_0_2000/0-2000-out/la/659_00_r2l3.png,Not reviewed,,,
132,922,922_00,922_00_r2l23,la,"polliceri ausus essem. Permulta certe sunt quę nobis obstant, cum primis adversariorum",/Users/shaotongsmac/Desktop/bullinger-htr/train/extracted_0_2000/0-2000-out/la/922_00_r2l23.png,Not reviewed,,,
133,624,624_01,624_01_r1l14,la,ceremonias sine ulla superstitione habere. Si nunc vero inutiles ac superstitiosas ceremonias,/Users/shaotongsmac/Desktop/bullinger-htr/train/extracted_0_2000/0-2000-out/la/624_01_r1l14.png,Not reviewed,,,
134,1868,1868_00,1868_00_r1l17,de,"bruͤder und mittarbeitter, im wort diser kilchen",/Users/shaotongsmac/Desktop/bullinger-htr/train/extracted_0_2000/0-2000-out/de/1868_00_r1l17.png,Not reviewed,,,
135,689,689_00,689_00_r1l7,de,"uff unnsern costen abnemmen, erzüchen unnd bruchen",/Users/shaotongsmac/Desktop/bullinger-htr/train/extracted_0_2000/0-2000-out/de/689_00_r1l7.png,Not reviewed,,,
136,1678,1678_01,1678_01_r2l1,de,Dem ehrwirdigen und wolgelertenn,/Users/shaotongsmac/Desktop/bullinger-htr/train/extracted_0_2000/0-2000-out/de/1678_01_r2l1.png,Not reviewed,,,
137,585,585_02,585_02_r1l11,la,pristinis erroribus sint involvendi.,/Users/shaotongsmac/Desktop/bullinger-htr/train/extracted_0_2000/0-2000-out/la/585_02_r1l11.png,Not reviewed,,,
138,1441,1441_00,1441_00_r1l12,la,noster iam moriturus negocium tuum apud Polonos iniunxerat.,/Users/shaotongsmac/Desktop/bullinger-htr/train/extracted_0_2000/0-2000-out/la/1441_00_r1l12.png,Not reviewed,,,
139,1102,1102_00,1102_00_r1l31,la,in singulis paroeciis publice legenda praescribit. Opus,/Users/shaotongsmac/Desktop/bullinger-htr/train/extracted_0_2000/0-2000-out/la/1102_00_r1l31.png,Not reviewed,,,
140,240,240_00,240_00_r2l11,de,sich die gmeind,/Users/shaotongsmac/Desktop/bullinger-htr/train/extracted_0_2000/0-2000-out/de/240_00_r2l11.png,Not reviewed,,,
141,367,367_02,367_02_r3l3,de,"uns Christus etwas darinn gebe, hatt nitt vil grundts. Er hatt sich",/Users/shaotongsmac/Desktop/bullinger-htr/train/extracted_0_2000/0-2000-out/de/367_02_r3l3.png,Not reviewed,,,
142,1656,1656_04,1656_04_r1l16,la,Statum huius regionis Saxonicae melius intelligere,/Users/shaotongsmac/Desktop/bullinger-htr/train/extracted_0_2000/0-2000-out/la/1656_04_r1l16.png,Not reviewed,,,
143,1000,1000_01,1000_01_r1l21,la,"papae id tandem obtenturum: quod si fiat, dubio procul calamitas ista longius",/Users/shaotongsmac/Desktop/bullinger-htr/train/extracted_0_2000/0-2000-out/la/1000_01_r1l21.png,Not reviewed,,,
144,868,868_01,868_01_r1l10,la,cures. Princeps etiam ipse a nullo id quam a me expectat.,/Users/shaotongsmac/Desktop/bullinger-htr/train/extracted_0_2000/0-2000-out/la/868_01_r1l10.png,Not reviewed,,,
145,167,167_01,167_01_r3l7,la,non licere nobis examinare quenquam. Ad Nägelium ubi,/Users/shaotongsmac/Desktop/bullinger-htr/train/extracted_0_2000/0-2000-out/la/167_01_r3l7.png,Not reviewed,,,
146,745,745_02,745_02_r1l41,la,utilitatem,/Users/shaotongsmac/Desktop/bullinger-htr/train/extracted_0_2000/0-2000-out/la/745_02_r1l41.png,Not reviewed,,,
147,274,274_01,274_01_r1l28,la,venire sinit. Deus optimus maximus te bonis studiis provehendis diu,/Users/shaotongsmac/Desktop/bullinger-htr/train/extracted_0_2000/0-2000-out/la/274_01_r1l28.png,Not reviewed,,,
148,1913,1913_04,1913_04_r1l27,la,"et Christi et ecclesiarum ministros, apud quos",/Users/shaotongsmac/Desktop/bullinger-htr/train/extracted_0_2000/0-2000-out/la/1913_04_r1l27.png,Not reviewed,,,
149,306,306_00,306_00_r1l6,de,stett imm reych worden sind etc.,/Users/shaotongsmac/Desktop/bullinger-htr/train/extracted_0_2000/0-2000-out/de/306_00_r1l6.png,Not reviewed,,,
150,1078,1078_01,1078_01_r1l11,la,"impios pfaffones, et convenerunt quod minime et cupiunt scire",/Users/shaotongsmac/Desktop/bullinger-htr/train/extracted_0_2000/0-2000-out/la/1078_01_r1l11.png,Not reviewed,,,
151,375,375_01,375_01_r1l13,de,hat aller sachenn guten bericht; der wurdet auch,/Users/shaotongsmac/Desktop/bullinger-htr/train/extracted_0_2000/0-2000-out/de/375_01_r1l13.png,Not reviewed,,,
152,1319,1319_00,1319_00_r1l42,la,"quidquid proponant, in hoc sunt tamen, ut nos distrahant. Tunc vero de nobis",/Users/shaotongsmac/Desktop/bullinger-htr/train/extracted_0_2000/0-2000-out/la/1319_00_r1l42.png,Not reviewed,,,
153,135,135_00,135_00_r1l7,la,"deo teste, qui animos inspicit solus, aliter sentire non",/Users/shaotongsmac/Desktop/bullinger-htr/train/extracted_0_2000/0-2000-out/la/135_00_r1l7.png,Not reviewed,,,
154,849,849_00,849_00_r1l4,la,"S. P. D. per Iesum Christum, unicum redemptorem.",/Users/shaotongsmac/Desktop/bullinger-htr/train/extracted_0_2000/0-2000-out/la/849_00_r1l4.png,Not reviewed,,,
155,1048,1048_01,1048_01_r3l4,la,"superstitionem alant, etc. Scripsit hac de re copiosissimas literas Hoperus ad comitem",/Users/shaotongsmac/Desktop/bullinger-htr/train/extracted_0_2000/0-2000-out/la/1048_01_r3l4.png,Not reviewed,,,
156,1743,1743_05,1743_05_r1l3,de,"predigernn zu Zürich,",/Users/shaotongsmac/Desktop/bullinger-htr/train/extracted_0_2000/0-2000-out/de/1743_05_r1l3.png,Not reviewed,,,
157,1592,1592_03,1592_03_r1l2,la,"Bullingero, domino meo imprimis colendo.",/Users/shaotongsmac/Desktop/bullinger-htr/train/extracted_0_2000/0-2000-out/la/1592_03_r1l2.png,Not reviewed,,,
158,285,285_00,285_00_r1l37,la,"Lausanae Hebreae lectionis conditio. Scripsit huc Zebedeus,",/Users/shaotongsmac/Desktop/bullinger-htr/train/extracted_0_2000/0-2000-out/la/285_00_r1l37.png,Not reviewed,,,
159,402,402_04,402_04_r1l7,la,"fuerit, faciam te quam primum certiorem. Si quid",/Users/shaotongsmac/Desktop/bullinger-htr/train/extracted_0_2000/0-2000-out/la/402_04_r1l7.png,Not reviewed,,,
160,624,624_02,624_02_r2l10,la,in Interim recipere non posse aut velle neque quicquam ceremoniarum liberarum,/Users/shaotongsmac/Desktop/bullinger-htr/train/extracted_0_2000/0-2000-out/la/624_02_r2l10.png,Not reviewed,,,
161,953,953_01,953_01_r1l31,la,"Eodem animo et d. Coxus tua acceperit, quem per multas hebdomas,",/Users/shaotongsmac/Desktop/bullinger-htr/train/extracted_0_2000/0-2000-out/la/953_01_r1l31.png,Not reviewed,,,
162,1402,1402_00,1402_00_r1l23,la,"diutius protelare ir bluͦtbad, ne quid inter",/Users/shaotongsmac/Desktop/bullinger-htr/train/extracted_0_2000/0-2000-out/la/1402_00_r1l23.png,Not reviewed,,,
163,1771,1771_00,1771_00_r1l33,de,"dinem vulfaltigen schriben wil ich neen zuͦ gluͦben,",/Users/shaotongsmac/Desktop/bullinger-htr/train/extracted_0_2000/0-2000-out/de/1771_00_r1l33.png,Not reviewed,,,
164,1992,1992_00,1992_00_r2l24,la,Iam in solo deo confidimus; illum enixe,/Users/shaotongsmac/Desktop/bullinger-htr/train/extracted_0_2000/0-2000-out/la/1992_00_r2l24.png,Not reviewed,,,
165,820,820_01,820_01_r1l20,la,"facere posse existimas, erit satis monuisse.",/Users/shaotongsmac/Desktop/bullinger-htr/train/extracted_0_2000/0-2000-out/la/820_01_r1l20.png,Not reviewed,,,
166,1497,1497_04,1497_04_r1l27,la,tibi proximis literis mittam.,/Users/shaotongsmac/Desktop/bullinger-htr/train/extracted_0_2000/0-2000-out/la/1497_04_r1l27.png,Not reviewed,,,
167,515,515_02,515_02_r2l7,la,illos iam dudum pulchre coaluisse conciliatore,/Users/shaotongsmac/Desktop/bullinger-htr/train/extracted_0_2000/0-2000-out/la/515_02_r2l7.png,Not reviewed,,,
168,1665,1665_00,1665_00_r1l24,la,Surrexerat nocte quadam scripturus Romam; intrans in cubiculum solus et respiciens ad ostium,/Users/shaotongsmac/Desktop/bullinger-htr/train/extracted_0_2000/0-2000-out/la/1665_00_r1l24.png,Not reviewed,,,
169,201,201_00,201_00_r1l25,la,nos super fratre tam pio ac docto nobiscum sentiente et ad nos confugiente.,/Users/shaotongsmac/Desktop/bullinger-htr/train/extracted_0_2000/0-2000-out/la/201_00_r1l25.png,Not reviewed,,,
170,361,361_01,361_01_r1l12,la,"consecratum est. Periculum, enim, si aliquod est,",/Users/shaotongsmac/Desktop/bullinger-htr/train/extracted_0_2000/0-2000-out/la/361_01_r1l12.png,Not reviewed,,,
171,582,582_01,582_01_r2l2,la,"resciscar, an meę illę unquam perlatę fuerint ad Calvinum, quandoquidem his diebus",/Users/shaotongsmac/Desktop/bullinger-htr/train/extracted_0_2000/0-2000-out/la/582_01_r2l2.png,Not reviewed,,,
172,1925,1925_01,1925_01_r1l37,de,schirmend wider die christen. Worumb söllte man dann,/Users/shaotongsmac/Desktop/bullinger-htr/train/extracted_0_2000/0-2000-out/de/1925_01_r1l37.png,Not reviewed,,,
173,1752,1752_00,1752_00_r2l5,la,me satis antea devinctum novis cumulatis beneficiis.,/Users/shaotongsmac/Desktop/bullinger-htr/train/extracted_0_2000/0-2000-out/la/1752_00_r2l5.png,Not reviewed,,,
174,666,666_02,666_02_r2l5,la,"opiniones discordię eximere animis aut eos etiam, qui verbis",/Users/shaotongsmac/Desktop/bullinger-htr/train/extracted_0_2000/0-2000-out/la/666_02_r2l5.png,Not reviewed,,,
175,167,167_02,167_02_r1l22,de,"ölung und wyhung, auch der ee nitt (wie nach ordnung",/Users/shaotongsmac/Desktop/bullinger-htr/train/extracted_0_2000/0-2000-out/de/167_02_r1l22.png,Not reviewed,,,
176,1349,1349_00,1349_00_r1l7,la,Consilium vestrum non improbo; sed si imperiales civitates,/Users/shaotongsmac/Desktop/bullinger-htr/train/extracted_0_2000/0-2000-out/la/1349_00_r1l7.png,Not reviewed,,,
177,703,703_00,703_00_r2l53,la,deus ad persequendum,/Users/shaotongsmac/Desktop/bullinger-htr/train/extracted_0_2000/0-2000-out/la/703_00_r2l53.png,Not reviewed,,,
178,1387,1387_00,1387_00_r3l22,la,"agens Augustę clamorem Lutheranorum concionatorum, qui nunquam fuerint",/Users/shaotongsmac/Desktop/bullinger-htr/train/extracted_0_2000/0-2000-out/la/1387_00_r3l22.png,Not reviewed,,,
179,733,733_01,733_01_r1l14,la,Ioannes ab Ulmes etiam valet; bene,/Users/shaotongsmac/Desktop/bullinger-htr/train/extracted_0_2000/0-2000-out/la/733_01_r1l14.png,Not reviewed,,,
180,1967,1967_00,1967_00_r1l43,la,pastores audentiores facerent potentes et nobiles veritatis aliquem,/Users/shaotongsmac/Desktop/bullinger-htr/train/extracted_0_2000/0-2000-out/la/1967_00_r1l43.png,Not reviewed,,,
181,1048,1048_01,1048_01_r3l33,la,Tui studiosissimus et observantissimus,/Users/shaotongsmac/Desktop/bullinger-htr/train/extracted_0_2000/0-2000-out/la/1048_01_r3l33.png,Not reviewed,,,
182,1166,1166_00,1166_00_r1l17,la,Bremensis exercitus pro hostibus habet interimistas et papistas;,/Users/shaotongsmac/Desktop/bullinger-htr/train/extracted_0_2000/0-2000-out/la/1166_00_r1l17.png,Not reviewed,,,
183,1270,1270_00,1270_00_r1l24,la,"Henricho Bullingero, domino",/Users/shaotongsmac/Desktop/bullinger-htr/train/extracted_0_2000/0-2000-out/la/1270_00_r1l24.png,Not reviewed,,,
184,367,367_00,367_00_r1l16,de,"ich hie uff inn halten wo ich mag, und nitt nachlan bis ich",/Users/shaotongsmac/Desktop/bullinger-htr/train/extracted_0_2000/0-2000-out/de/367_00_r1l16.png,Not reviewed,,,
185,1818,1818_00,1818_00_r2l10,la,"optas, optinebis. Si Decades, quas a te pii multi singulis",/Users/shaotongsmac/Desktop/bullinger-htr/train/extracted_0_2000/0-2000-out/la/1818_00_r2l10.png,Not reviewed,,,
186,1879,1879_01,1879_01_r1l16,la,"Ioannes Rodolphus ab Erlach obiit 6. aprilis,",/Users/shaotongsmac/Desktop/bullinger-htr/train/extracted_0_2000/0-2000-out/la/1879_01_r1l16.png,Not reviewed,,,
187,1158,1158_00,1158_00_r1l16,la,Actis. Dominus illius misereatur.,/Users/shaotongsmac/Desktop/bullinger-htr/train/extracted_0_2000/0-2000-out/la/1158_00_r1l16.png,Not reviewed,,,
188,420,420_04,420_04_r1l10,de,"pundts mit den Aidgnossen begerlich, glaub auch, er",/Users/shaotongsmac/Desktop/bullinger-htr/train/extracted_0_2000/0-2000-out/de/420_04_r1l10.png,Not reviewed,,,
189,646,646_00,646_00_r1l18,de,uff Magdenburg zuͦ; dann er ist von ynen berüfft. Gott gebe im gluck. Er hat sich,/Users/shaotongsmac/Desktop/bullinger-htr/train/extracted_0_2000/0-2000-out/de/646_00_r1l18.png,Not reviewed,,,
190,1801,1801_00,1801_00_r2l38,la,"a quibusdam magnis Italię viris, qui me Lentzburg ad se in hospitium vocarunt,",/Users/shaotongsmac/Desktop/bullinger-htr/train/extracted_0_2000/0-2000-out/la/1801_00_r2l38.png,Not reviewed,,,
191,194,194_01,194_01_r1l39,la,expectare opportunitatem et occasionem.,/Users/shaotongsmac/Desktop/bullinger-htr/train/extracted_0_2000/0-2000-out/la/194_01_r1l39.png,Not reviewed,,,
192,733,733_00,733_00_r2l26,la,"Londinensis, infensissimus hostis evangelii, iam vivit",/Users/shaotongsmac/Desktop/bullinger-htr/train/extracted_0_2000/0-2000-out/la/733_00_r2l26.png,Not reviewed,,,
193,1894,1894_00,1894_00_r4l24,la,"quidem orbis finibus continetur, verisimile est illum non modo ad ecclesię",/Users/shaotongsmac/Desktop/bullinger-htr/train/extracted_0_2000/0-2000-out/la/1894_00_r4l24.png,Not reviewed,,,
194,1687,1687_00,1687_00_r1l4,la,"Ioannes ab Ulmis, gratum tibi fore significans, si de religionis progressu apud",/Users/shaotongsmac/Desktop/bullinger-htr/train/extracted_0_2000/0-2000-out/la/1687_00_r1l4.png,Not reviewed,,,
195,946,946_01,946_01_r1l26,la,societatis inter regem Danorum,/Users/shaotongsmac/Desktop/bullinger-htr/train/extracted_0_2000/0-2000-out/la/946_01_r1l26.png,Not reviewed,,,
196,1900,1900_00,1900_00_r1l13,la,"qui me satis liberali fovet stipendio, nempe trecentis florinis cum frumentii",/Users/shaotongsmac/Desktop/bullinger-htr/train/extracted_0_2000/0-2000-out/la/1900_00_r1l13.png,Not reviewed,,,
197,542,542_00,542_00_r1l8,la,"in Angliam profectus, unde propter balneandi necessitatem",/Users/shaotongsmac/Desktop/bullinger-htr/train/extracted_0_2000/0-2000-out/la/542_00_r1l8.png,Not reviewed,,,
198,752,752_00,752_00_r2l29,de,"origine. Demnach begert er zu sehen das buͤchli Tschudj, legts doch",/Users/shaotongsmac/Desktop/bullinger-htr/train/extracted_0_2000/0-2000-out/de/752_00_r2l29.png,Not reviewed,,,
199,87,87_01,87_01_r1l11,la,"et os meum ita rexi, ut tale quippiam ex ore meo nunquam egressum sit;",/Users/shaotongsmac/Desktop/bullinger-htr/train/extracted_0_2000/0-2000-out/la/87_01_r1l11.png,Not reviewed,,,
200,429,429_01,429_01_r1l12,de,Sebastianum Guldibecken minen herren fürgschlagen; aber,/Users/shaotongsmac/Desktop/bullinger-htr/train/extracted_0_2000/0-2000-out/de/429_01_r1l12.png,Not reviewed,,,
201,359,359_01,359_01_r2l36,la,"De his omnibus deliberarunt, ac pulchre convenit",/Users/shaotongsmac/Desktop/bullinger-htr/train/extracted_0_2000/0-2000-out/la/359_01_r2l36.png,Not reviewed,,,
202,1425,1425_02,1425_02_r1l3,de,"gnad, sein kirch zu erhalten und fürdern.",/Users/shaotongsmac/Desktop/bullinger-htr/train/extracted_0_2000/0-2000-out/de/1425_02_r1l3.png,Not reviewed,,,
203,868,868_01,868_01_r1l32,la,"poteris gratius. Salutant te Andraeus Wullokus et Robertus Scinnerus, principis nostri",/Users/shaotongsmac/Desktop/bullinger-htr/train/extracted_0_2000/0-2000-out/la/868_01_r1l32.png,Not reviewed,,,
204,1930,1930_00,1930_00_r2l30,la,"animum exulcerent Lentzburgi, ita quod de profectu evangelicę praedicationis fere desperarim. Sed",/Users/shaotongsmac/Desktop/bullinger-htr/train/extracted_0_2000/0-2000-out/la/1930_00_r2l30.png,Not reviewed,,,
205,137,137_00,137_00_r2l29,la,calami solent. Exemplum eiusdem ad me Augusta missum paulo plura quam,/Users/shaotongsmac/Desktop/bullinger-htr/train/extracted_0_2000/0-2000-out/la/137_00_r2l29.png,Not reviewed,,,
206,1296,1296_02,1296_02_r1l11,la,"quod facio, mihi vicio vertere nec pro tua humanitate",/Users/shaotongsmac/Desktop/bullinger-htr/train/extracted_0_2000/0-2000-out/la/1296_02_r1l11.png,Not reviewed,,,
207,1851,1851_00,1851_00_r4l4,la,"aliquando respirare potui, ut meo officio reponderem,",/Users/shaotongsmac/Desktop/bullinger-htr/train/extracted_0_2000/0-2000-out/la/1851_00_r4l4.png,Not reviewed,,,
208,163,163_00,163_00_r1l46,la,"domus propria, quarto",/Users/shaotongsmac/Desktop/bullinger-htr/train/extracted_0_2000/0-2000-out/la/163_00_r1l46.png,Not reviewed,,,
209,974,974_02,974_02_r2l2,la,"omnis multitudo ministris exceptis, qui de moribus et doctrina eius qui eo die",/Users/shaotongsmac/Desktop/bullinger-htr/train/extracted_0_2000/0-2000-out/la/974_02_r2l2.png,Not reviewed,,,
210,735,735_01,735_01_r2l4,la,"cum omnibus symmystis tuis, quos meo fratrumque meorum nomine vicissim resalutato. Dominus vos incolumes conservet",/Users/shaotongsmac/Desktop/bullinger-htr/train/extracted_0_2000/0-2000-out/la/735_01_r2l4.png,Not reviewed,,,
211,1546,1546_00,1546_00_r1l27,la,"Rogo praeterea te, ut responsum Genevensibus missum ad articulos",/Users/shaotongsmac/Desktop/bullinger-htr/train/extracted_0_2000/0-2000-out/la/1546_00_r1l27.png,Not reviewed,,,
212,867,867_00,867_00_r2l29,de,berichtet.,/Users/shaotongsmac/Desktop/bullinger-htr/train/extracted_0_2000/0-2000-out/de/867_00_r2l29.png,Not reviewed,,,
213,1728,1728_00,1728_00_r1l2,la,Gratia Christi tecum. Epistolam tuam una cum,/Users/shaotongsmac/Desktop/bullinger-htr/train/extracted_0_2000/0-2000-out/la/1728_00_r1l2.png,Not reviewed,,,
214,831,831_00,831_00_r2l27,la,"vices volui sextum caput Ioannis proponere et 7 Danielis,",/Users/shaotongsmac/Desktop/bullinger-htr/train/extracted_0_2000/0-2000-out/la/831_00_r2l27.png,Not reviewed,,,
215,868,868_01,868_01_r1l11,la,"Omnium certo tuorum officiorum,",/Users/shaotongsmac/Desktop/bullinger-htr/train/extracted_0_2000/0-2000-out/la/868_01_r1l11.png,Not reviewed,,,
216,1652,1652_01,1652_01_r1l2,la,eruditione d. Heinrycho,/Users/shaotongsmac/Desktop/bullinger-htr/train/extracted_0_2000/0-2000-out/la/1652_01_r1l2.png,Not reviewed,,,
217,305,305_00,305_00_r1l17,de,"wirt ain groß zerströuwung geben und ainen merklichen anstoß, das der gmain",/Users/shaotongsmac/Desktop/bullinger-htr/train/extracted_0_2000/0-2000-out/de/305_00_r1l17.png,Not reviewed,,,
218,641,641_00,641_00_r2l8,la,"in nobis facultatis inveniri, quo vobis morem gerere atque gratificari valeamus.",/Users/shaotongsmac/Desktop/bullinger-htr/train/extracted_0_2000/0-2000-out/la/641_00_r2l8.png,Not reviewed,,,
219,597,597_00,597_00_r1l2,la,"S. De iurando per sanctos nonnihil nos hic sufferimus, tanquam osores foederis Helvetici, qui tamen",/Users/shaotongsmac/Desktop/bullinger-htr/train/extracted_0_2000/0-2000-out/la/597_00_r1l2.png,Not reviewed,,,
220,1994,1994_01,1994_01_r1l16,la,omnia celsitudinis sese extollentis adversus cognitionem dei. Tu pro illis et nobis ora.,/Users/shaotongsmac/Desktop/bullinger-htr/train/extracted_0_2000/0-2000-out/la/1994_01_r1l16.png,Not reviewed,,,
221,1058,1058_00,1058_00_r1l37,de,"pitt ich ewch undertheniklyg, last mich antwortt wyß.",/Users/shaotongsmac/Desktop/bullinger-htr/train/extracted_0_2000/0-2000-out/de/1058_00_r1l37.png,Not reviewed,,,
222,397,397_00,397_00_r1l15,de,"lantvogt ouch geschriben, was man von imm haben wil,",/Users/shaotongsmac/Desktop/bullinger-htr/train/extracted_0_2000/0-2000-out/de/397_00_r1l15.png,Not reviewed,,,
223,1103,1103_00,1103_00_r1l19,la,"poteris, quam primum dabitur occasio, Sangallum",/Users/shaotongsmac/Desktop/bullinger-htr/train/extracted_0_2000/0-2000-out/la/1103_00_r1l19.png,Not reviewed,,,
224,1687,1687_00,1687_00_r1l26,la,"consilium. In huiusmodi honoratorum aedibus lusus esse scis, non solum",/Users/shaotongsmac/Desktop/bullinger-htr/train/extracted_0_2000/0-2000-out/la/1687_00_r1l26.png,Not reviewed,,,
225,1296,1296_00,1296_00_r1l27,la,"Immortales tibi ago gratias,",/Users/shaotongsmac/Desktop/bullinger-htr/train/extracted_0_2000/0-2000-out/la/1296_00_r1l27.png,Not reviewed,,,
226,788,788_03,788_03_r2l12,de,hette mogen entzündt werden. Wir habend es och nitt gemerckt,/Users/shaotongsmac/Desktop/bullinger-htr/train/extracted_0_2000/0-2000-out/de/788_03_r2l12.png,Not reviewed,,,
227,402,402_02,402_02_r1l27,la,"Ita fit, dum mortis periculo mendacia nemo refutat,",/Users/shaotongsmac/Desktop/bullinger-htr/train/extracted_0_2000/0-2000-out/la/402_02_r1l27.png,Not reviewed,,,
228,33,33_00,33_00_r1l2,la,"S. Hic ex fratribus est ruralibus non pessimus; fac ipsum habeas commendatum de re, quapropter",/Users/shaotongsmac/Desktop/bullinger-htr/train/extracted_0_2000/0-2000-out/la/33_00_r1l2.png,Not reviewed,,,
229,850,850_01,850_01_r2l2,la,"in praesenti scire potissimum volui, sperans, non ingrata fore, ni dudum iam",/Users/shaotongsmac/Desktop/bullinger-htr/train/extracted_0_2000/0-2000-out/la/850_01_r2l2.png,Not reviewed,,,
230,538,538_00,538_00_r1l11,de,"us; das hatt er hütt für rath bracht, do ich vermeint,",/Users/shaotongsmac/Desktop/bullinger-htr/train/extracted_0_2000/0-2000-out/de/538_00_r1l11.png,Not reviewed,,,
231,831,831_00,831_00_r2l24,la,Davidem interpretabar:,/Users/shaotongsmac/Desktop/bullinger-htr/train/extracted_0_2000/0-2000-out/la/831_00_r2l24.png,Not reviewed,,,
232,1546,1546_00,1546_00_r1l17,la,"Cum pfaffis crudeliter agunt lantzknechtii, aliquibus testiculos",/Users/shaotongsmac/Desktop/bullinger-htr/train/extracted_0_2000/0-2000-out/la/1546_00_r1l17.png,Not reviewed,,,
233,884,884_00,884_00_r1l25,la,"aliis, terrenis videlicet argutiis et interdum nugis, propemodum omnem aetatem",/Users/shaotongsmac/Desktop/bullinger-htr/train/extracted_0_2000/0-2000-out/la/884_00_r1l25.png,Not reviewed,,,
234,488,488_00,488_00_r1l23,la,exhibere Helvetica terra ultro consuevit. Vir est praeclarus,/Users/shaotongsmac/Desktop/bullinger-htr/train/extracted_0_2000/0-2000-out/la/488_00_r1l23.png,Not reviewed,,,
235,585,585_01,585_01_r1l16,la,"exhortantes, ne cęptum opus domini intereat etc.",/Users/shaotongsmac/Desktop/bullinger-htr/train/extracted_0_2000/0-2000-out/la/585_01_r1l16.png,Not reviewed,,,
236,1763,1763_01,1763_01_r1l2,la,spiritu invidentiae in hec verba cum stupore audientibus omnibus prorupit:,/Users/shaotongsmac/Desktop/bullinger-htr/train/extracted_0_2000/0-2000-out/la/1763_01_r1l2.png,Not reviewed,,,
237,871,871_03,871_03_r1l1,la,"fac, ut facias quam",/Users/shaotongsmac/Desktop/bullinger-htr/train/extracted_0_2000/0-2000-out/la/871_03_r1l1.png,Not reviewed,,,
238,473,473_00,473_00_r1l6,de,"gelt zu empfahen, vertröst. Man will fürwaar",/Users/shaotongsmac/Desktop/bullinger-htr/train/extracted_0_2000/0-2000-out/de/473_00_r1l6.png,Not reviewed,,,
239,1722,1722_00,1722_00_r1l5,la,"et, quantum in nobis est, omne saxum volvimus, ut illi ecclesiae",/Users/shaotongsmac/Desktop/bullinger-htr/train/extracted_0_2000/0-2000-out/la/1722_00_r1l5.png,Not reviewed,,,
240,1400,1400_00,1400_00_r3l40,la,"liberaturus a hoste tam potente; is enim quod facit, contra dominum facit. Cur igtur",/Users/shaotongsmac/Desktop/bullinger-htr/train/extracted_0_2000/0-2000-out/la/1400_00_r3l40.png,Not reviewed,,,
241,101,101_00,101_00_r1l3,la,"fontem aperire tibi voluit, quo plane intelligeres, cur tot annis",/Users/shaotongsmac/Desktop/bullinger-htr/train/extracted_0_2000/0-2000-out/la/101_00_r1l3.png,Not reviewed,,,
242,740,740_00,740_00_r1l14,la,"et domini Ioannis Calvini in re sacramentaria, libenter",/Users/shaotongsmac/Desktop/bullinger-htr/train/extracted_0_2000/0-2000-out/la/740_00_r1l14.png,Not reviewed,,,
243,974,974_00,974_00_r1l16,la,vel certe ad ea nobis sigillatim responderetur quae nos ad hanc rem suscipiendam,/Users/shaotongsmac/Desktop/bullinger-htr/train/extracted_0_2000/0-2000-out/la/974_00_r1l16.png,Not reviewed,,,
244,579,579_01,579_01_r2l25,la,"amicorum parens, per Callias profectionem",/Users/shaotongsmac/Desktop/bullinger-htr/train/extracted_0_2000/0-2000-out/la/579_01_r2l25.png,Not reviewed,,,
245,612,612_00,612_00_r1l20,la,"salvum te atque incolumem ex literis tuis superiori mense ad me missis esse cognovissent, mirum",/Users/shaotongsmac/Desktop/bullinger-htr/train/extracted_0_2000/0-2000-out/la/612_00_r1l20.png,Not reviewed,,,
246,796,796_00,796_00_r2l33,la,illis et mei memor; nam nisi aliam,/Users/shaotongsmac/Desktop/bullinger-htr/train/extracted_0_2000/0-2000-out/la/796_00_r2l33.png,Not reviewed,,,
247,729,729_00,729_00_r1l30,la,mensium debito stipendio defraudavit adeoque se malis his,/Users/shaotongsmac/Desktop/bullinger-htr/train/extracted_0_2000/0-2000-out/la/729_00_r1l30.png,Not reviewed,,,
248,1203,1203_01,1203_01_r1l6,la,se per occasionem,/Users/shaotongsmac/Desktop/bullinger-htr/train/extracted_0_2000/0-2000-out/la/1203_01_r1l6.png,Not reviewed,,,
249,1318,1318_01,1318_01_r2l36,la,excitandum fore. Dominus incolumem servet,/Users/shaotongsmac/Desktop/bullinger-htr/train/extracted_0_2000/0-2000-out/la/1318_01_r2l36.png,Not reviewed,,,
250,1435,1435_03,1435_03_r1l4,la,et ecclesiae tuae commendatum habe. Ex Soldoro 14. octobris 1551.,/Users/shaotongsmac/Desktop/bullinger-htr/train/extracted_0_2000/0-2000-out/la/1435_03_r1l4.png,Not reviewed,,,
251,1051,1051_00,1051_00_r1l22,la,forte excitabit dominus iram in nos multoties commeritam. Si quid de Anglia ce,/Users/shaotongsmac/Desktop/bullinger-htr/train/extracted_0_2000/0-2000-out/la/1051_00_r1l22.png,Not reviewed,,,
252,643,643_00,643_00_r1l9,la,"Et qui iam irato et infesto animo in me erant, nunc demum ad internicionem",/Users/shaotongsmac/Desktop/bullinger-htr/train/extracted_0_2000/0-2000-out/la/643_00_r1l9.png,Not reviewed,,,
253,1125,1125_03,1125_03_r1l4,de,Münster zu Zürich etc.,/Users/shaotongsmac/Desktop/bullinger-htr/train/extracted_0_2000/0-2000-out/de/1125_03_r1l4.png,Not reviewed,,,
254,1420,1420_00,1420_00_r1l3,la,et Augustam poterit tibi referre,/Users/shaotongsmac/Desktop/bullinger-htr/train/extracted_0_2000/0-2000-out/la/1420_00_r1l3.png,Not reviewed,,,
255,901,901_00,901_00_r1l4,la,et domino nostro Ihesu Christo.,/Users/shaotongsmac/Desktop/bullinger-htr/train/extracted_0_2000/0-2000-out/la/901_00_r1l4.png,Not reviewed,,,
256,1332,1332_00,1332_00_r1l9,la,Prospicite obsecro ecclesiis; adeste,/Users/shaotongsmac/Desktop/bullinger-htr/train/extracted_0_2000/0-2000-out/la/1332_00_r1l9.png,Not reviewed,,,
257,126,126_00,126_00_r1l41,la,deo et eius ecclesię operam nunquam poenitendam,/Users/shaotongsmac/Desktop/bullinger-htr/train/extracted_0_2000/0-2000-out/la/126_00_r1l41.png,Not reviewed,,,
258,472,472_00,472_00_r1l9,de,"haben, empfangen, haben aber alhie im ingang",/Users/shaotongsmac/Desktop/bullinger-htr/train/extracted_0_2000/0-2000-out/de/472_00_r1l9.png,Not reviewed,,,
259,1912,1912_00,1912_00_r1l23,la,artes Hispanice. Hoc stratagemate,/Users/shaotongsmac/Desktop/bullinger-htr/train/extracted_0_2000/0-2000-out/la/1912_00_r1l23.png,Not reviewed,,,
260,184,184_02,184_02_r1l4,de,"hälffen werdint. Vertruw zuͦ gott, er werde",/Users/shaotongsmac/Desktop/bullinger-htr/train/extracted_0_2000/0-2000-out/de/184_02_r1l4.png,Not reviewed,,,
261,842,842_02,842_02_r1l9,de,vier fürgeschlagen; hab aber khainer langen mögen. Das mag nun sein,/Users/shaotongsmac/Desktop/bullinger-htr/train/extracted_0_2000/0-2000-out/de/842_02_r1l9.png,Not reviewed,,,
262,909,909_00,909_00_r1l9,la,et satis erit.,/Users/shaotongsmac/Desktop/bullinger-htr/train/extracted_0_2000/0-2000-out/la/909_00_r1l9.png,Not reviewed,,,
263,870,870_00,870_00_r2l12,la,nostris perplexis nihil dignatus,/Users/shaotongsmac/Desktop/bullinger-htr/train/extracted_0_2000/0-2000-out/la/870_00_r2l12.png,Not reviewed,,,
264,473,473_01,473_01_r1l17,de,jamer und not gestelt. Weißt uns uff got,/Users/shaotongsmac/Desktop/bullinger-htr/train/extracted_0_2000/0-2000-out/de/473_01_r1l17.png,Not reviewed,,,
265,1489,1489_01,1489_01_r2l18,la,Tiguri 1. decembris anno 1551.,/Users/shaotongsmac/Desktop/bullinger-htr/train/extracted_0_2000/0-2000-out/la/1489_01_r2l18.png,Not reviewed,,,
266,962,962_01,962_01_r2l18,la,"dici enim non potest, quantum turbarum haec nobis det et datura sit fortasse,",/Users/shaotongsmac/Desktop/bullinger-htr/train/extracted_0_2000/0-2000-out/la/962_01_r2l18.png,Not reviewed,,,
267,1225,1225_00,1225_00_r3l26,la,"bibliorum Anglicorum tuaque commendatione aedatur magis. Vale, mi colendissime",/Users/shaotongsmac/Desktop/bullinger-htr/train/extracted_0_2000/0-2000-out/la/1225_00_r3l26.png,Not reviewed,,,
268,1121,1121_00,1121_00_r1l11,la,inerat. Ad dominum autem Vadianum quidam vir integer ait se aliquid,/Users/shaotongsmac/Desktop/bullinger-htr/train/extracted_0_2000/0-2000-out/la/1121_00_r1l11.png,Not reviewed,,,
269,1384,1384_00,1384_00_r2l55,la,Si omnes tuos pios coadiutores ministros (et alios doctos et pios viros),/Users/shaotongsmac/Desktop/bullinger-htr/train/extracted_0_2000/0-2000-out/la/1384_00_r2l55.png,Not reviewed,,,
270,871,871_02,871_02_r1l16,la,turbas moveret in negotio aeucharistiae. Respondebat se,/Users/shaotongsmac/Desktop/bullinger-htr/train/extracted_0_2000/0-2000-out/la/871_02_r1l16.png,Not reviewed,,,
271,1563,1563_00,1563_00_r1l28,de,"würtigkait Pharaonis verschlingen,",/Users/shaotongsmac/Desktop/bullinger-htr/train/extracted_0_2000/0-2000-out/de/1563_00_r1l28.png,Not reviewed,,,
272,1652,1652_00,1652_00_r3l29,la,sedata vitam in melius emendantes credamus,/Users/shaotongsmac/Desktop/bullinger-htr/train/extracted_0_2000/0-2000-out/la/1652_00_r3l29.png,Not reviewed,,,
273,1726,1726_00,1726_00_r1l19,la,"Theodori villae, que obsessa a nostris magna laborat inopia. Voluerunt",/Users/shaotongsmac/Desktop/bullinger-htr/train/extracted_0_2000/0-2000-out/la/1726_00_r1l19.png,Not reviewed,,,
274,1059,1059_00,1059_00_r1l29,la,indignissime fert optimus quisque in ecclesia illa.,/Users/shaotongsmac/Desktop/bullinger-htr/train/extracted_0_2000/0-2000-out/la/1059_00_r1l29.png,Not reviewed,,,
275,1203,1203_00,1203_00_r1l26,la,ago tuae humanitati gratias qui illam mihi communicare,/Users/shaotongsmac/Desktop/bullinger-htr/train/extracted_0_2000/0-2000-out/la/1203_00_r1l26.png,Not reviewed,,,
276,726,726_00,726_00_r2l7,la,"in excidium evangelii conspirarint. Quod ubi protector regni et regis animadvertit,",/Users/shaotongsmac/Desktop/bullinger-htr/train/extracted_0_2000/0-2000-out/la/726_00_r2l7.png,Not reviewed,,,
277,203,203_00,203_00_r2l22,la,"misereatur nostri; actum enim nunc est de plerisque, ut audio, quantum ad",/Users/shaotongsmac/Desktop/bullinger-htr/train/extracted_0_2000/0-2000-out/la/203_00_r2l22.png,Not reviewed,,,
278,1083,1083_01,1083_01_r1l26,la,etiam et tueatur ab harpiis Hispanicis. Munitioribus,/Users/shaotongsmac/Desktop/bullinger-htr/train/extracted_0_2000/0-2000-out/la/1083_01_r1l26.png,Not reviewed,,,
279,1466,1466_00,1466_00_r1l9,la,ut et hoc non ignorares.,/Users/shaotongsmac/Desktop/bullinger-htr/train/extracted_0_2000/0-2000-out/la/1466_00_r1l9.png,Not reviewed,,,
280,83,83_00,83_00_r3l17,de,"noch vil grösserm ze dienen, wöllend wir",/Users/shaotongsmac/Desktop/bullinger-htr/train/extracted_0_2000/0-2000-out/de/83_00_r3l17.png,Not reviewed,,,
281,827,827_00,827_00_r1l40,la,Ego omnia illa ex insidiis fieri credo. Dominus servet,/Users/shaotongsmac/Desktop/bullinger-htr/train/extracted_0_2000/0-2000-out/la/827_00_r1l40.png,Not reviewed,,,
282,1511,1511_00,1511_00_r2l24,la,"christiani nominis hoste, rege vestro, imo Henrico Francorum. Quamobrem inter saxum",/Users/shaotongsmac/Desktop/bullinger-htr/train/extracted_0_2000/0-2000-out/la/1511_00_r2l24.png,Not reviewed,,,
283,990,990_00,990_00_r2l13,la,"et vires vobis suppeditavit, ne infelix Caesaris reciperetis Interdecretum in subversionem",/Users/shaotongsmac/Desktop/bullinger-htr/train/extracted_0_2000/0-2000-out/la/990_00_r2l13.png,Not reviewed,,,
284,912,912_00,912_00_r1l18,la,"saltem amice congredi, quo minus adversariorum audacię",/Users/shaotongsmac/Desktop/bullinger-htr/train/extracted_0_2000/0-2000-out/la/912_00_r1l18.png,Not reviewed,,,
285,1538,1538_00,1538_00_r1l20,la,"inbellem et partem eorum magnam ab hostibus captam, occisam et ignominiose habitam.",/Users/shaotongsmac/Desktop/bullinger-htr/train/extracted_0_2000/0-2000-out/la/1538_00_r1l20.png,Not reviewed,,,
286,82,82_00,82_00_r1l9,la,"sit dilaturus, quod quidem certo faciet, nisi tui eum ad respondendum",/Users/shaotongsmac/Desktop/bullinger-htr/train/extracted_0_2000/0-2000-out/la/82_00_r1l9.png,Not reviewed,,,
287,1272,1272_00,1272_00_r1l34,la,Vale aeternum. A domino Myconio literas accipies,/Users/shaotongsmac/Desktop/bullinger-htr/train/extracted_0_2000/0-2000-out/la/1272_00_r1l34.png,Not reviewed,,,
288,795,795_00,795_00_r2l10,la,Richardus cum uxore valet. Supplicium sumptum est de principibus,/Users/shaotongsmac/Desktop/bullinger-htr/train/extracted_0_2000/0-2000-out/la/795_00_r2l10.png,Not reviewed,,,
289,595,595_01,595_01_r1l28,la,"denegaturos esse, cum heri intellexerim omnes fere senatores plurimum",/Users/shaotongsmac/Desktop/bullinger-htr/train/extracted_0_2000/0-2000-out/la/595_01_r1l28.png,Not reviewed,,,
290,831,831_01,831_01_r1l14,la,"pro sua etate. Dominus saervet illum. Soror illius, quam rex defunctus",/Users/shaotongsmac/Desktop/bullinger-htr/train/extracted_0_2000/0-2000-out/la/831_01_r1l14.png,Not reviewed,,,
291,46,46_00,46_00_r1l48,de,Es lofft im unglöplich grosser kost und gelt uff die sach.,/Users/shaotongsmac/Desktop/bullinger-htr/train/extracted_0_2000/0-2000-out/de/46_00_r1l48.png,Not reviewed,,,
292,1599,1599_00,1599_00_r1l8,la,"sunt, tandem ut pereant, post tot homicidia cruentissima, quę perpetrarunt",/Users/shaotongsmac/Desktop/bullinger-htr/train/extracted_0_2000/0-2000-out/la/1599_00_r1l8.png,Not reviewed,,,
293,1010,1010_00,1010_00_r1l26,la,potitos victoria et centum ex nobilibus ducis cęsos.,/Users/shaotongsmac/Desktop/bullinger-htr/train/extracted_0_2000/0-2000-out/la/1010_00_r1l26.png,Not reviewed,,,
294,337,337_00,337_00_r1l1,la,S.,/Users/shaotongsmac/Desktop/bullinger-htr/train/extracted_0_2000/0-2000-out/la/337_00_r1l1.png,Not reviewed,,,
295,765,765_02,765_02_r1l30,la,lingua Cornubica vulgariter Cornwall.,/Users/shaotongsmac/Desktop/bullinger-htr/train/extracted_0_2000/0-2000-out/la/765_02_r1l30.png,Not reviewed,,,
296,1980,1980_00,1980_00_r1l13,la,et vix credo secundum in Italia,/Users/shaotongsmac/Desktop/bullinger-htr/train/extracted_0_2000/0-2000-out/la/1980_00_r1l13.png,Not reviewed,,,
297,442,442_00,442_00_r1l20,la,"auri liij, audisti nimirum ex Gastio. Vale in domino. Salutabis",/Users/shaotongsmac/Desktop/bullinger-htr/train/extracted_0_2000/0-2000-out/la/442_00_r1l20.png,Not reviewed,,,
298,916,916_01,916_01_r1l15,la,ita ut nulla sit opus posthac unquam commendatione. Si quas Petri lectiones aut disputationes,/Users/shaotongsmac/Desktop/bullinger-htr/train/extracted_0_2000/0-2000-out/la/916_01_r1l15.png,Not reviewed,,,
299,259,259_00,259_00_r1l1,la,S.,/Users/shaotongsmac/Desktop/bullinger-htr/train/extracted_0_2000/0-2000-out/la/259_00_r1l1.png,Not reviewed,,,
300,974,974_05,974_05_r2l1,la,Clarissimis viris ac pręstantissimis,/Users/shaotongsmac/Desktop/bullinger-htr/train/extracted_0_2000/0-2000-out/la/974_05_r2l1.png,Not reviewed,,,
301,1015,1015_00,1015_00_r1l18,la,"Adprobarunt legati simul in proximis ante postrema comitiis; nescio quid inciderit,",/Users/shaotongsmac/Desktop/bullinger-htr/train/extracted_0_2000/0-2000-out/la/1015_00_r1l18.png,Not reviewed,,,
302,895,895_02,895_02_r2l9,la,Materiam et argumentum hunc virum,/Users/shaotongsmac/Desktop/bullinger-htr/train/extracted_0_2000/0-2000-out/la/895_02_r2l9.png,Not reviewed,,,
303,1489,1489_00,1489_00_r3l3,la,"nec videbatur nobis consultum dissimulare, quod",/Users/shaotongsmac/Desktop/bullinger-htr/train/extracted_0_2000/0-2000-out/la/1489_00_r3l3.png,Not reviewed,,,
304,1389,1389_01,1389_01_r2l5,de,Zurich.,/Users/shaotongsmac/Desktop/bullinger-htr/train/extracted_0_2000/0-2000-out/de/1389_01_r2l5.png,Not reviewed,,,
305,1483,1483_02,1483_02_r1l2,la,"debet,",/Users/shaotongsmac/Desktop/bullinger-htr/train/extracted_0_2000/0-2000-out/la/1483_02_r1l2.png,Not reviewed,,,
306,962,962_00,962_00_r1l12,la,in amicicia mutua significarem esse foreque aeternum illum,/Users/shaotongsmac/Desktop/bullinger-htr/train/extracted_0_2000/0-2000-out/la/962_00_r1l12.png,Not reviewed,,,
307,234,234_00,234_00_r1l14,la,"memorem gratumque ostendam? Sic scilicet faciam: posthac tum denique scribam, si quid erit,",/Users/shaotongsmac/Desktop/bullinger-htr/train/extracted_0_2000/0-2000-out/la/234_00_r1l14.png,Not reviewed,,,
308,1370,1370_01,1370_01_r1l18,la,"Litteras Genevam destinatas, quas his coniunxi, te oro ut illhuc fideliter",/Users/shaotongsmac/Desktop/bullinger-htr/train/extracted_0_2000/0-2000-out/la/1370_01_r1l18.png,Not reviewed,,,
309,422,422_01,422_01_r1l3,de,pfarhernn zuͦ Zwirich etc. minem,/Users/shaotongsmac/Desktop/bullinger-htr/train/extracted_0_2000/0-2000-out/de/422_01_r1l3.png,Not reviewed,,,
310,507,507_01,507_01_r1l6,de,zuͦ handen.,/Users/shaotongsmac/Desktop/bullinger-htr/train/extracted_0_2000/0-2000-out/de/507_01_r1l6.png,Not reviewed,,,
311,465,465_00,465_00_r1l28,la,concedat nobis omnibus corda in charitate,/Users/shaotongsmac/Desktop/bullinger-htr/train/extracted_0_2000/0-2000-out/la/465_00_r1l28.png,Not reviewed,,,
312,491,491_00,491_00_r3l12,la,"Saxones; at in quos sit moturus, soli illi sesquulixi cum paucis est notum.",/Users/shaotongsmac/Desktop/bullinger-htr/train/extracted_0_2000/0-2000-out/la/491_00_r3l12.png,Not reviewed,,,
313,1058,1058_01,1058_01_r1l4,de,"molar, alß ych gen Pergamo kom, wyl ich in dem d.",/Users/shaotongsmac/Desktop/bullinger-htr/train/extracted_0_2000/0-2000-out/de/1058_01_r1l4.png,Not reviewed,,,
314,285,285_00,285_00_r1l10,la,"ad theologicam eum pervenire posse professionem, quae tamen interim",/Users/shaotongsmac/Desktop/bullinger-htr/train/extracted_0_2000/0-2000-out/la/285_00_r1l10.png,Not reviewed,,,
315,1875,1875_00,1875_00_r3l5,la,"ab eo, quo minus fortasse gratus esse potero. Non enim ignoro,",/Users/shaotongsmac/Desktop/bullinger-htr/train/extracted_0_2000/0-2000-out/la/1875_00_r3l5.png,Not reviewed,,,
316,703,703_00,703_00_r2l12,la,"Et quamvis, quę scribit uterque, talia sint, ut se ipsi confutent a bonis lecta, quia tamen",/Users/shaotongsmac/Desktop/bullinger-htr/train/extracted_0_2000/0-2000-out/la/703_00_r2l12.png,Not reviewed,,,
317,407,407_00,407_00_r1l31,la,"et quod cupis, ut rationem interdum suorum studiorum",/Users/shaotongsmac/Desktop/bullinger-htr/train/extracted_0_2000/0-2000-out/la/407_00_r1l31.png,Not reviewed,,,
318,1008,1008_01,1008_01_r2l26,la,"maximam, Mariam; sed prodita est res divino beneficio, et prohibita.",/Users/shaotongsmac/Desktop/bullinger-htr/train/extracted_0_2000/0-2000-out/la/1008_01_r2l26.png,Not reviewed,,,
319,949,949_00,949_00_r2l20,la,"est vehementer, tandem impetrata venia regis, sed aurea, siquidem in summa",/Users/shaotongsmac/Desktop/bullinger-htr/train/extracted_0_2000/0-2000-out/la/949_00_r2l20.png,Not reviewed,,,
320,1065,1065_00,1065_00_r1l13,la,Luteranorum in Germania sane vehementer,/Users/shaotongsmac/Desktop/bullinger-htr/train/extracted_0_2000/0-2000-out/la/1065_00_r1l13.png,Not reviewed,,,
321,1318,1318_02,1318_02_r2l3,la,"usque domini Iesu. Oremus sedulo, mi frater, dominum,",/Users/shaotongsmac/Desktop/bullinger-htr/train/extracted_0_2000/0-2000-out/la/1318_02_r2l3.png,Not reviewed,,,
322,304,304_01,304_01_r2l15,la,"molestus esse desineret, sed frustra. At ubi mihi praesente uxore rem omnem",/Users/shaotongsmac/Desktop/bullinger-htr/train/extracted_0_2000/0-2000-out/la/304_01_r2l15.png,Not reviewed,,,
323,1698,1698_01,1698_01_r1l4,la,Tigurum.,/Users/shaotongsmac/Desktop/bullinger-htr/train/extracted_0_2000/0-2000-out/la/1698_01_r1l4.png,Not reviewed,,,
324,964,964_00,964_00_r2l8,de,"Nuͤrenberg zuͦ raysen, alda er sin losament haben sol, biß er von",/Users/shaotongsmac/Desktop/bullinger-htr/train/extracted_0_2000/0-2000-out/de/964_00_r2l8.png,Not reviewed,,,
325,397,397_01,397_01_r1l20,la,unde bellum inferendum creditur Saxonibus et civitatibus,/Users/shaotongsmac/Desktop/bullinger-htr/train/extracted_0_2000/0-2000-out/la/397_01_r1l20.png,Not reviewed,,,
326,831,831_01,831_01_r1l4,la,"Battoniensis, Christi partibus favent, et, quod sciam, iam ipsi pure intelligunt",/Users/shaotongsmac/Desktop/bullinger-htr/train/extracted_0_2000/0-2000-out/la/831_01_r1l4.png,Not reviewed,,,
327,1545,1545_00,1545_00_r2l6,la,"illa passi, propter eundem rogant nunc, ut sibi subveniatur. Sperant viri pietate clari,",/Users/shaotongsmac/Desktop/bullinger-htr/train/extracted_0_2000/0-2000-out/la/1545_00_r2l6.png,Not reviewed,,,
328,1322,1322_00,1322_00_r1l7,la,"adimet etiam suis, quam hactenus habuere. Miserum seculum, in quo videmus",/Users/shaotongsmac/Desktop/bullinger-htr/train/extracted_0_2000/0-2000-out/la/1322_00_r1l7.png,Not reviewed,,,
329,429,429_00,429_00_r1l2,de,"Gnad von gott zuͦ vor. Üwer 4. brieff, bi Abel Mülhofer",/Users/shaotongsmac/Desktop/bullinger-htr/train/extracted_0_2000/0-2000-out/de/429_00_r1l2.png,Not reviewed,,,
330,1581,1581_00,1581_00_r1l10,la,nolui. Cum vero et Caelius in eo fasciculo,/Users/shaotongsmac/Desktop/bullinger-htr/train/extracted_0_2000/0-2000-out/la/1581_00_r1l10.png,Not reviewed,,,
331,1563,1563_00,1563_00_r1l21,de,"vyl das concilium belangt, ist wol zu achten,",/Users/shaotongsmac/Desktop/bullinger-htr/train/extracted_0_2000/0-2000-out/de/1563_00_r1l21.png,Not reviewed,,,
332,119,119_00,119_00_r1l8,la,tamen studiis honestis et in ludis nonnullis literariis bonam aetatis partem,/Users/shaotongsmac/Desktop/bullinger-htr/train/extracted_0_2000/0-2000-out/la/119_00_r1l8.png,Not reviewed,,,
333,1913,1913_02,1913_02_r1l1,la,"et deo in fide, spe er charitate servire quotidianaque",/Users/shaotongsmac/Desktop/bullinger-htr/train/extracted_0_2000/0-2000-out/la/1913_02_r1l1.png,Not reviewed,,,
334,843,843_02,843_02_r2l9,la,"sed tantum nostras, imo Christi domini oviculas, quas suscepimus pascendas,",/Users/shaotongsmac/Desktop/bullinger-htr/train/extracted_0_2000/0-2000-out/la/843_02_r2l9.png,Not reviewed,,,
335,729,729_00,729_00_r1l23,la,expugnata sunt in perpetuum regni dedecus et detrimentum. Tum,/Users/shaotongsmac/Desktop/bullinger-htr/train/extracted_0_2000/0-2000-out/la/729_00_r1l23.png,Not reviewed,,,
336,376,376_00,376_00_r1l25,la,"o tam frigide fidem nostram probare, per omnia alioqui probum",/Users/shaotongsmac/Desktop/bullinger-htr/train/extracted_0_2000/0-2000-out/la/376_00_r1l25.png,Not reviewed,,,
337,1602,1602_00,1602_00_r1l2,la,S. P. Quod ad literas tuas Tiguri datas vicesimo,/Users/shaotongsmac/Desktop/bullinger-htr/train/extracted_0_2000/0-2000-out/la/1602_00_r1l2.png,Not reviewed,,,
338,163,163_00,163_00_r1l18,la,fide,/Users/shaotongsmac/Desktop/bullinger-htr/train/extracted_0_2000/0-2000-out/la/163_00_r1l18.png,Not reviewed,,,
339,592,592_03,592_03_r1l35,la,"quędam. Sed de his liberius, modo maneant inter nos.",/Users/shaotongsmac/Desktop/bullinger-htr/train/extracted_0_2000/0-2000-out/la/592_03_r1l35.png,Not reviewed,,,
340,613,613_00,613_00_r2l14,la,"doctrina adiuvari, ne qua dissensionis species eorum progressus moretur. Huic offensioni",/Users/shaotongsmac/Desktop/bullinger-htr/train/extracted_0_2000/0-2000-out/la/613_00_r2l14.png,Not reviewed,,,
341,47,47_00,47_00_r1l23,la,avertere dignetur.,/Users/shaotongsmac/Desktop/bullinger-htr/train/extracted_0_2000/0-2000-out/la/47_00_r1l23.png,Not reviewed,,,
342,1448,1448_01,1448_01_r1l20,la,"cum tanta dei gloria coniunguntur. De meis laboribus,",/Users/shaotongsmac/Desktop/bullinger-htr/train/extracted_0_2000/0-2000-out/la/1448_01_r1l20.png,Not reviewed,,,
343,637,637_00,637_00_r1l21,la,opera,/Users/shaotongsmac/Desktop/bullinger-htr/train/extracted_0_2000/0-2000-out/la/637_00_r1l21.png,Not reviewed,,,
344,1008,1008_01,1008_01_r2l28,la,Hispanicus tyrannus Belgicam infestat gravissimis persequutionibus: proposuit,/Users/shaotongsmac/Desktop/bullinger-htr/train/extracted_0_2000/0-2000-out/la/1008_01_r2l28.png,Not reviewed,,,
345,1763,1763_00,1763_00_r1l4,la,"fama de morte Petri Martyris; dolebat, quum eadem fama insonante audiissem",/Users/shaotongsmac/Desktop/bullinger-htr/train/extracted_0_2000/0-2000-out/la/1763_00_r1l4.png,Not reviewed,,,
346,611,611_00,611_00_r2l23,la,"rependerit, nescio; hoc unum scio uxorem Buceri hic coram",/Users/shaotongsmac/Desktop/bullinger-htr/train/extracted_0_2000/0-2000-out/la/611_00_r2l23.png,Not reviewed,,,
347,1855,1855_00,1855_00_r2l13,la,"nescio qua hominis ossitantia nondum habere potui, qui nunc",/Users/shaotongsmac/Desktop/bullinger-htr/train/extracted_0_2000/0-2000-out/la/1855_00_r2l13.png,Not reviewed,,,
348,846,846_01,846_01_r2l1,la,Clarissimo theologo,/Users/shaotongsmac/Desktop/bullinger-htr/train/extracted_0_2000/0-2000-out/la/846_01_r2l1.png,Not reviewed,,,
349,1287,1287_00,1287_00_r2l17,la,tuendam rempublicam parata esse protestati sunt. Sparguntur et,/Users/shaotongsmac/Desktop/bullinger-htr/train/extracted_0_2000/0-2000-out/la/1287_00_r2l17.png,Not reviewed,,,
350,751,751_00,751_00_r1l13,la,"scribendo, et quidem eo impetu et celeritate qua antehac nunquam, sicut ab eo accepi;",/Users/shaotongsmac/Desktop/bullinger-htr/train/extracted_0_2000/0-2000-out/la/751_00_r1l13.png,Not reviewed,,,
351,567,567_02,567_02_r1l10,de,dann umb 26 gl. Was ich inen thuͦn kan von miner herren,/Users/shaotongsmac/Desktop/bullinger-htr/train/extracted_0_2000/0-2000-out/de/567_02_r1l10.png,Not reviewed,,,
352,757,757_00,757_00_r1l4,la,"Ornatissime d. Bullingere, tuas literas, que mihi gratissimae fuere, accepi; respondissem per meum correctorem",/Users/shaotongsmac/Desktop/bullinger-htr/train/extracted_0_2000/0-2000-out/la/757_00_r1l4.png,Not reviewed,,,
353,87,87_01,87_01_r1l32,la,"habuerit, nunc autem aliquid qualecumque contra Cesarem designaverit,",/Users/shaotongsmac/Desktop/bullinger-htr/train/extracted_0_2000/0-2000-out/la/87_01_r1l32.png,Not reviewed,,,
354,1236,1236_00,1236_00_r2l22,de,frucht pringen und angenomen werden will.,/Users/shaotongsmac/Desktop/bullinger-htr/train/extracted_0_2000/0-2000-out/de/1236_00_r2l22.png,Not reviewed,,,
355,996,996_00,996_00_r1l20,la,d. Schertlii de Lovanio et Antverpia.,/Users/shaotongsmac/Desktop/bullinger-htr/train/extracted_0_2000/0-2000-out/la/996_00_r1l20.png,Not reviewed,,,
356,274,274_00,274_00_r1l32,la,vixerunt. Studia artium et linguarm brevi nostra academia,/Users/shaotongsmac/Desktop/bullinger-htr/train/extracted_0_2000/0-2000-out/la/274_00_r1l32.png,Not reviewed,,,
357,936,936_01,936_01_r1l1,la,Praestantissimo viro,/Users/shaotongsmac/Desktop/bullinger-htr/train/extracted_0_2000/0-2000-out/la/936_01_r1l1.png,Not reviewed,,,
358,403,403_01,403_01_r1l44,de,"mag. Es brocket sich ein spil in über die Lausanner, das ich",/Users/shaotongsmac/Desktop/bullinger-htr/train/extracted_0_2000/0-2000-out/de/403_01_r1l44.png,Not reviewed,,,
359,70,70_00,70_00_r1l16,de,"wo yemant könne eim krieger gleich sehe, dem geben",/Users/shaotongsmac/Desktop/bullinger-htr/train/extracted_0_2000/0-2000-out/de/70_00_r1l16.png,Not reviewed,,,
360,1051,1051_00,1051_00_r1l15,la,"penitus a pontifice descivisse, ut patriarcham substituerit per totum Gallię regnum,",/Users/shaotongsmac/Desktop/bullinger-htr/train/extracted_0_2000/0-2000-out/la/1051_00_r1l15.png,Not reviewed,,,
361,52,52_00,52_00_r1l22,la,haec scilicet spectacula exhibent etc. Constantia,/Users/shaotongsmac/Desktop/bullinger-htr/train/extracted_0_2000/0-2000-out/la/52_00_r1l22.png,Not reviewed,,,
362,1099,1099_00,1099_00_r1l28,la,"reges, imperatorem Carolum diadema fratri",/Users/shaotongsmac/Desktop/bullinger-htr/train/extracted_0_2000/0-2000-out/la/1099_00_r1l28.png,Not reviewed,,,
363,1743,1743_01,1743_01_r2l17,de,uff sein underthänig ansuchen nit,/Users/shaotongsmac/Desktop/bullinger-htr/train/extracted_0_2000/0-2000-out/de/1743_01_r2l17.png,Not reviewed,,,
364,136,136_00,136_00_r2l23,de,"irer authoritet, facht er an zum teuffel hinken, setzt syben",/Users/shaotongsmac/Desktop/bullinger-htr/train/extracted_0_2000/0-2000-out/de/136_00_r2l23.png,Not reviewed,,,
365,250,250_00,250_00_r1l15,la,"Sturmius numeratur inter eos, qui consarcinarunt Interim; vidi enim",/Users/shaotongsmac/Desktop/bullinger-htr/train/extracted_0_2000/0-2000-out/la/250_00_r1l15.png,Not reviewed,,,
366,420,420_00,420_00_r2l3,de,hab ewer schreiben sampt eingelegtem brieflin,/Users/shaotongsmac/Desktop/bullinger-htr/train/extracted_0_2000/0-2000-out/de/420_00_r2l3.png,Not reviewed,,,
367,1712,1712_00,1712_00_r2l21,la,"Moguntinensem, canonicos atque sacrificulos,",/Users/shaotongsmac/Desktop/bullinger-htr/train/extracted_0_2000/0-2000-out/la/1712_00_r2l21.png,Not reviewed,,,
368,808,808_00,808_00_r1l13,la,"ultra Sauromathas eiiciatur. Ex literis tuis vidi, quas non sine",/Users/shaotongsmac/Desktop/bullinger-htr/train/extracted_0_2000/0-2000-out/la/808_00_r1l13.png,Not reviewed,,,
369,863,863_01,863_01_r1l3,la,"sciat locum, ubi possit distrahere chartam omnem, quam poterit efficere.",/Users/shaotongsmac/Desktop/bullinger-htr/train/extracted_0_2000/0-2000-out/la/863_01_r1l3.png,Not reviewed,,,
370,114,114_00,114_00_r1l22,la,"usu sacramentorum et de coniugio sacerdotum, quas propter Brandenburgensis",/Users/shaotongsmac/Desktop/bullinger-htr/train/extracted_0_2000/0-2000-out/la/114_00_r1l22.png,Not reviewed,,,
371,161,161_01,161_01_r2l10,la,instimulare. Mendatia hec sunt: nempe velle regem novo,/Users/shaotongsmac/Desktop/bullinger-htr/train/extracted_0_2000/0-2000-out/la/161_01_r2l10.png,Not reviewed,,,
372,836,836_00,836_00_r1l14,la,"impedire satagens, quo monarcha fiat Europae",/Users/shaotongsmac/Desktop/bullinger-htr/train/extracted_0_2000/0-2000-out/la/836_00_r1l14.png,Not reviewed,,,
373,1967,1967_03,1967_03_r1l31,la,"Obsecro autem vos reverendos in domino patronos, ut clientuli",/Users/shaotongsmac/Desktop/bullinger-htr/train/extracted_0_2000/0-2000-out/la/1967_03_r1l31.png,Not reviewed,,,
374,708,708_00,708_00_r1l28,de,Datum in höchster yl uff 14. octobris 1549.,/Users/shaotongsmac/Desktop/bullinger-htr/train/extracted_0_2000/0-2000-out/de/708_00_r1l28.png,Not reviewed,,,
375,421,421_00,421_00_r1l5,la,demeriturus. Expectabimus iam nunc eventum comitiorum et aliorum pagorum responsum;,/Users/shaotongsmac/Desktop/bullinger-htr/train/extracted_0_2000/0-2000-out/la/421_00_r1l5.png,Not reviewed,,,
376,729,729_01,729_01_r1l1,la,"Eo tempore, dum haec Londini aguntur, protector, qui",/Users/shaotongsmac/Desktop/bullinger-htr/train/extracted_0_2000/0-2000-out/la/729_01_r1l1.png,Not reviewed,,,
377,1683,1683_00,1683_00_r1l26,la,Tuae amplitudini,/Users/shaotongsmac/Desktop/bullinger-htr/train/extracted_0_2000/0-2000-out/la/1683_00_r1l26.png,Not reviewed,,,
378,318,318_00,318_00_r1l14,la,"Michaelis: ""Scias sanguinem manasse in Silesia e stipulis,",/Users/shaotongsmac/Desktop/bullinger-htr/train/extracted_0_2000/0-2000-out/la/318_00_r1l14.png,Not reviewed,,,
379,962,962_00,962_00_r1l15,la,"cum propter bellum Saxonicum, quod a Brunsvicensi",/Users/shaotongsmac/Desktop/bullinger-htr/train/extracted_0_2000/0-2000-out/la/962_00_r1l15.png,Not reviewed,,,
380,1771,1771_00,1771_00_r1l30,de,Zum nechsten han ich dyr nit den laderlon von,/Users/shaotongsmac/Desktop/bullinger-htr/train/extracted_0_2000/0-2000-out/de/1771_00_r1l30.png,Not reviewed,,,
381,18,18_00,18_00_r1l30,la,"Pręterea venit scheda ex Augusta in literas ad nos iniecta, quę sic habet:",/Users/shaotongsmac/Desktop/bullinger-htr/train/extracted_0_2000/0-2000-out/la/18_00_r1l30.png,Not reviewed,,,
382,362,362_00,362_00_r1l14,la,articulum medium nescio quid animus mihi praesagiat; constat vero et primates et infimates ita,/Users/shaotongsmac/Desktop/bullinger-htr/train/extracted_0_2000/0-2000-out/la/362_00_r1l14.png,Not reviewed,,,
383,889,889_00,889_00_r1l20,la,pervertitur et consilia principum dissipat terribilis,/Users/shaotongsmac/Desktop/bullinger-htr/train/extracted_0_2000/0-2000-out/la/889_00_r1l20.png,Not reviewed,,,
384,1287,1287_01,1287_01_r1l7,la,quominus huc convolent loturi in thermis. Quid Guilhelmus,/Users/shaotongsmac/Desktop/bullinger-htr/train/extracted_0_2000/0-2000-out/la/1287_01_r1l7.png,Not reviewed,,,
385,815,815_00,815_00_r2l14,la,"Ac dicipimur specie recti. Et pessimus fuit hypocrita monachus,",/Users/shaotongsmac/Desktop/bullinger-htr/train/extracted_0_2000/0-2000-out/la/815_00_r2l14.png,Not reviewed,,,
386,380,380_02,380_02_r1l14,la,"Rosinus haeret adhuc apud nos et, ut audio, multum scribit et",/Users/shaotongsmac/Desktop/bullinger-htr/train/extracted_0_2000/0-2000-out/la/380_02_r1l14.png,Not reviewed,,,
387,729,729_01,729_01_r1l19,la,solari poteris; scio enim vanissima et falsissima passim,/Users/shaotongsmac/Desktop/bullinger-htr/train/extracted_0_2000/0-2000-out/la/729_01_r1l19.png,Not reviewed,,,
388,739,739_00,739_00_r1l23,la,"Nuper scripsi Marcello Theodorico transmittens illi libellum,",/Users/shaotongsmac/Desktop/bullinger-htr/train/extracted_0_2000/0-2000-out/la/739_00_r1l23.png,Not reviewed,,,
389,1397,1397_01,1397_01_r2l4,de,"Zürch,",/Users/shaotongsmac/Desktop/bullinger-htr/train/extracted_0_2000/0-2000-out/de/1397_01_r2l4.png,Not reviewed,,,
390,250,250_00,250_00_r1l39,la,filiam regis Danię; sapientes divinant in nuptiis pro re Christi non nihil,/Users/shaotongsmac/Desktop/bullinger-htr/train/extracted_0_2000/0-2000-out/la/250_00_r1l39.png,Not reviewed,,,
391,713,713_00,713_00_r3l11,la,et omnes fratres meos literę tuę vix credibile est. Illi te et omnes tuos,/Users/shaotongsmac/Desktop/bullinger-htr/train/extracted_0_2000/0-2000-out/la/713_00_r3l11.png,Not reviewed,,,
392,1546,1546_00,1546_00_r1l19,la,designant exempla in papisticos; quamdiu autem sint impune,/Users/shaotongsmac/Desktop/bullinger-htr/train/extracted_0_2000/0-2000-out/la/1546_00_r1l19.png,Not reviewed,,,
393,553,553_00,553_00_r1l4,de,"heyradts bewegt, an Ü Wirde ze schreyben und durch dissen potten",/Users/shaotongsmac/Desktop/bullinger-htr/train/extracted_0_2000/0-2000-out/de/553_00_r1l4.png,Not reviewed,,,
394,1651,1651_01,1651_01_r2l10,la,Gesnero et d. Rudolpho Gvalter.,/Users/shaotongsmac/Desktop/bullinger-htr/train/extracted_0_2000/0-2000-out/la/1651_01_r2l10.png,Not reviewed,,,
395,708,708_01,708_01_r1l1,la,An meister,/Users/shaotongsmac/Desktop/bullinger-htr/train/extracted_0_2000/0-2000-out/la/708_01_r1l1.png,Not reviewed,,,
396,1938,1938_00,1938_00_r1l8,de,zuͦ ghört überantwurtt. Bin also uff 21. iulius zuͦ Sant Galen,/Users/shaotongsmac/Desktop/bullinger-htr/train/extracted_0_2000/0-2000-out/de/1938_00_r1l8.png,Not reviewed,,,
397,1628,1628_00,1628_00_r1l13,la,"et ipsum adolescentem tibi commendarem. Venit superioribus diebus ex Anglia,",/Users/shaotongsmac/Desktop/bullinger-htr/train/extracted_0_2000/0-2000-out/la/1628_00_r1l13.png,Not reviewed,,,
398,1166,1166_01,1166_01_r2l2,la,"meliori fato propter multa incommoda, quę alias habet.",/Users/shaotongsmac/Desktop/bullinger-htr/train/extracted_0_2000/0-2000-out/la/1166_01_r2l2.png,Not reviewed,,,
399,1975,1975_00,1975_00_r1l31,la,"et per quos, deinde quid potissimum pro concione tractetis. Mihi",/Users/shaotongsmac/Desktop/bullinger-htr/train/extracted_0_2000/0-2000-out/la/1975_00_r1l31.png,Not reviewed,,,
400,477,477_00,477_00_r2l51,la,"familia tota, D. Theodorum, D. Pellicanum, D. Gualterum,",/Users/shaotongsmac/Desktop/bullinger-htr/train/extracted_0_2000/0-2000-out/la/477_00_r2l51.png,Not reviewed,,,
401,1534,1534_00,1534_00_r3l1,la,in domino. Accepi iis diebus dissidium esse inter episcopos,/Users/shaotongsmac/Desktop/bullinger-htr/train/extracted_0_2000/0-2000-out/la/1534_00_r3l1.png,Not reviewed,,,
402,1418,1418_00,1418_00_r1l9,la,"bonorum virorum literas, ex quibus discam, quid",/Users/shaotongsmac/Desktop/bullinger-htr/train/extracted_0_2000/0-2000-out/la/1418_00_r1l9.png,Not reviewed,,,
403,1243,1243_00,1243_00_r1l28,la,"nescio, quidnam illic agat. Dominus nos conservet ab",/Users/shaotongsmac/Desktop/bullinger-htr/train/extracted_0_2000/0-2000-out/la/1243_00_r1l28.png,Not reviewed,,,
404,1053,1053_00,1053_00_r1l11,la,"Iesu Christi gloriam, pro qua augenda et retinenda",/Users/shaotongsmac/Desktop/bullinger-htr/train/extracted_0_2000/0-2000-out/la/1053_00_r1l11.png,Not reviewed,,,
405,276,276_00,276_00_r1l30,la,"rogavi illum, ut de cetero non me molestaret, quod et fecit; quo autem abierit,",/Users/shaotongsmac/Desktop/bullinger-htr/train/extracted_0_2000/0-2000-out/la/276_00_r1l30.png,Not reviewed,,,
406,1583,1583_00,1583_00_r1l2,la,"Accepi literas tuas, vir doctissime et integerrime, 10. februarii",/Users/shaotongsmac/Desktop/bullinger-htr/train/extracted_0_2000/0-2000-out/la/1583_00_r1l2.png,Not reviewed,,,
407,1930,1930_00,1930_00_r2l40,la,"vincat. Sed nostra hęc peccata męruerunt, qui visitationem celestis patris tam irreverenter",/Users/shaotongsmac/Desktop/bullinger-htr/train/extracted_0_2000/0-2000-out/la/1930_00_r2l40.png,Not reviewed,,,
408,1529,1529_02,1529_02_r2l10,la,pro mea in te non instituta sed iam inveterata observantia,/Users/shaotongsmac/Desktop/bullinger-htr/train/extracted_0_2000/0-2000-out/la/1529_02_r2l10.png,Not reviewed,,,
409,1387,1387_00,1387_00_r3l11,la,"et quod in gratiam paucorum principum illud ita institutum sit, qui inde sua quęrere",/Users/shaotongsmac/Desktop/bullinger-htr/train/extracted_0_2000/0-2000-out/la/1387_00_r3l11.png,Not reviewed,,,
410,1654,1654_00,1654_00_r1l41,la,Tiguri 12.,/Users/shaotongsmac/Desktop/bullinger-htr/train/extracted_0_2000/0-2000-out/la/1654_00_r1l41.png,Not reviewed,,,
411,1444,1444_00,1444_00_r1l23,la,"item adserit Christum veram carnem ex semine Abrahę,",/Users/shaotongsmac/Desktop/bullinger-htr/train/extracted_0_2000/0-2000-out/la/1444_00_r1l23.png,Not reviewed,,,
412,943,943_00,943_00_r1l16,la,"conatur imprimere Bernhardi opera, si sciret exemplaria quędam manuscripta,",/Users/shaotongsmac/Desktop/bullinger-htr/train/extracted_0_2000/0-2000-out/la/943_00_r1l16.png,Not reviewed,,,
413,1065,1065_02,1065_02_r2l4,la,"non solum fortitudinis, sed et syncerę",/Users/shaotongsmac/Desktop/bullinger-htr/train/extracted_0_2000/0-2000-out/la/1065_02_r2l4.png,Not reviewed,,,
414,1030,1030_00,1030_00_r1l33,la,"nasci non posse, sed turbam pontificiam vere belluam esse multorum capitum,",/Users/shaotongsmac/Desktop/bullinger-htr/train/extracted_0_2000/0-2000-out/la/1030_00_r1l33.png,Not reviewed,,,
415,1949,1949_01,1949_01_r1l2,la,"Bullingero, domino et fratri",/Users/shaotongsmac/Desktop/bullinger-htr/train/extracted_0_2000/0-2000-out/la/1949_01_r1l2.png,Not reviewed,,,
416,700,700_00,700_00_r1l11,la,plurimas quidem causas proferre possem; sed quia,/Users/shaotongsmac/Desktop/bullinger-htr/train/extracted_0_2000/0-2000-out/la/700_00_r1l11.png,Not reviewed,,,
417,877,877_00,877_00_r1l34,de,dorum müesen sy jetz lyden etc. Vale per dominum.,/Users/shaotongsmac/Desktop/bullinger-htr/train/extracted_0_2000/0-2000-out/de/877_00_r1l34.png,Not reviewed,,,
418,536,536_00,536_00_r2l7,la,"con scripserrunt, dum tu laborasti? Subesse igitur, oportet aliam causam, cur cauti sint, quęcunque tandem",/Users/shaotongsmac/Desktop/bullinger-htr/train/extracted_0_2000/0-2000-out/la/536_00_r2l7.png,Not reviewed,,,
419,1436,1436_01,1436_01_r2l1,la,r Hanns Bulinger,/Users/shaotongsmac/Desktop/bullinger-htr/train/extracted_0_2000/0-2000-out/la/1436_01_r2l1.png,Not reviewed,,,
420,323,323_00,323_00_r3l43,la,"qui in aula Cęsaris meret idque parvo. Si moreretur rex, quid putas futurum",/Users/shaotongsmac/Desktop/bullinger-htr/train/extracted_0_2000/0-2000-out/la/323_00_r3l43.png,Not reviewed,,,
421,1102,1102_00,1102_00_r1l40,de,hinuff kan inn die kuchi. Da sind 6 personen bi einem,/Users/shaotongsmac/Desktop/bullinger-htr/train/extracted_0_2000/0-2000-out/de/1102_00_r1l40.png,Not reviewed,,,
422,541,541_00,541_00_r1l7,la,"vos omnes bene valere et ea meditari,",/Users/shaotongsmac/Desktop/bullinger-htr/train/extracted_0_2000/0-2000-out/la/541_00_r1l7.png,Not reviewed,,,
423,1760,1760_01,1760_01_r1l3,la,fratri et veteri amico charissimo.,/Users/shaotongsmac/Desktop/bullinger-htr/train/extracted_0_2000/0-2000-out/la/1760_01_r1l3.png,Not reviewed,,,
424,1259,1259_00,1259_00_r1l10,la,esse nunciaret. Video autem raros in hoc mundo,/Users/shaotongsmac/Desktop/bullinger-htr/train/extracted_0_2000/0-2000-out/la/1259_00_r1l10.png,Not reviewed,,,
425,1497,1497_03,1497_03_r1l27,la,"prorsus est liberatus, sed ad certum praescriptumque tempus custodiae",/Users/shaotongsmac/Desktop/bullinger-htr/train/extracted_0_2000/0-2000-out/la/1497_03_r1l27.png,Not reviewed,,,
426,1497,1497_02,1497_02_r2l20,la,"ac iucundum utrique vestrum fore certo scio, si literarum scriptione inter",/Users/shaotongsmac/Desktop/bullinger-htr/train/extracted_0_2000/0-2000-out/la/1497_02_r2l20.png,Not reviewed,,,
427,612,612_01,612_01_r1l19,la,mihi hoc tempore facere nihil potes gratius. Iterum vale et salve.,/Users/shaotongsmac/Desktop/bullinger-htr/train/extracted_0_2000/0-2000-out/la/612_01_r1l19.png,Not reviewed,,,
428,236,236_01,236_01_r1l1,la,"Doctissimir viri Wolfgangi Musculi uxor gravissime decumbit, prius quidem",/Users/shaotongsmac/Desktop/bullinger-htr/train/extracted_0_2000/0-2000-out/la/236_01_r1l1.png,Not reviewed,,,
429,849,849_00,849_00_r1l28,la,nunc sint res meae? Sunt autem optimo per omnipotentis,/Users/shaotongsmac/Desktop/bullinger-htr/train/extracted_0_2000/0-2000-out/la/849_00_r1l28.png,Not reviewed,,,
430,354,354_00,354_00_r1l28,la,"nos promisisse, quod non promisimus. Sperant",/Users/shaotongsmac/Desktop/bullinger-htr/train/extracted_0_2000/0-2000-out/la/354_00_r1l28.png,Not reviewed,,,
431,473,473_00,473_00_r1l20,de,wir wellen in disen landen auch unratt und,/Users/shaotongsmac/Desktop/bullinger-htr/train/extracted_0_2000/0-2000-out/de/473_00_r1l20.png,Not reviewed,,,
432,1544,1544_00,1544_00_r1l31,de,und wöllen die marcketanten nit mher,/Users/shaotongsmac/Desktop/bullinger-htr/train/extracted_0_2000/0-2000-out/de/1544_00_r1l31.png,Not reviewed,,,
433,585,585_02,585_02_r1l21,la,valde fessi et exhausti 7. die iunii etc.,/Users/shaotongsmac/Desktop/bullinger-htr/train/extracted_0_2000/0-2000-out/la/585_02_r1l21.png,Not reviewed,,,
434,1632,1632_00,1632_00_r2l8,la,"nostrę paedotribam, divertit consulturus de",/Users/shaotongsmac/Desktop/bullinger-htr/train/extracted_0_2000/0-2000-out/la/1632_00_r2l8.png,Not reviewed,,,
435,1857,1857_00,1857_00_r2l49,la,"nos feceris, quid in illis desyderes. Nam alias non contendo expolitas et Ciceronianas literas ad te",/Users/shaotongsmac/Desktop/bullinger-htr/train/extracted_0_2000/0-2000-out/la/1857_00_r2l49.png,Not reviewed,,,
436,255,255_00,255_00_r1l10,la,"vexavit, ut cunctum propemodum exhauserit. Ora pro",/Users/shaotongsmac/Desktop/bullinger-htr/train/extracted_0_2000/0-2000-out/la/255_00_r1l10.png,Not reviewed,,,
437,764,764_00,764_00_r2l8,de,"zuͦ Reinhausen komen bey Speir, aber daselbs,",/Users/shaotongsmac/Desktop/bullinger-htr/train/extracted_0_2000/0-2000-out/de/764_00_r2l8.png,Not reviewed,,,
438,543,543_01,543_01_r1l26,la,"Quod si fecerint, stabit per se concordia, et idem spiritus de nostro",/Users/shaotongsmac/Desktop/bullinger-htr/train/extracted_0_2000/0-2000-out/la/543_01_r1l26.png,Not reviewed,,,
439,1147,1147_01,1147_01_r2l3,la,evangelistae et,/Users/shaotongsmac/Desktop/bullinger-htr/train/extracted_0_2000/0-2000-out/la/1147_01_r2l3.png,Not reviewed,,,
440,271,271_00,271_00_r1l12,la,"moram traham, ut intra octiduum adhuc vix Bernam",/Users/shaotongsmac/Desktop/bullinger-htr/train/extracted_0_2000/0-2000-out/la/271_00_r1l12.png,Not reviewed,,,
441,869,869_00,869_00_r1l12,la,"sunt in mense martio mendacia. Certa tamen haec sunt, quae modo referam. Male",/Users/shaotongsmac/Desktop/bullinger-htr/train/extracted_0_2000/0-2000-out/la/869_00_r1l12.png,Not reviewed,,,
442,514,514_00,514_00_r2l3,la,"continentem binas, quarum alterae tibi, alterae mihi erant inscriptae, cum libello",/Users/shaotongsmac/Desktop/bullinger-htr/train/extracted_0_2000/0-2000-out/la/514_00_r2l3.png,Not reviewed,,,
443,1157,1157_00,1157_00_r1l2,la,"S. D. Diu sane intermisi officium scribendi,",/Users/shaotongsmac/Desktop/bullinger-htr/train/extracted_0_2000/0-2000-out/la/1157_00_r1l2.png,Not reviewed,,,
444,1155,1155_00,1155_00_r1l10,la,"ignoro. Hostes impii perdendi essent, non servandi, Helvetico more. Mirum,",/Users/shaotongsmac/Desktop/bullinger-htr/train/extracted_0_2000/0-2000-out/la/1155_00_r1l10.png,Not reviewed,,,
445,1618,1618_00,1618_00_r1l20,la,D. Schertlini tabellarius suspensus a nobili de Granwill. Turbas excitabit,/Users/shaotongsmac/Desktop/bullinger-htr/train/extracted_0_2000/0-2000-out/la/1618_00_r1l20.png,Not reviewed,,,
446,1101,1101_00,1101_00_r1l7,la,"tabellionem certum nactus sum, mitto",/Users/shaotongsmac/Desktop/bullinger-htr/train/extracted_0_2000/0-2000-out/la/1101_00_r1l7.png,Not reviewed,,,
447,1967,1967_04,1967_04_r1l4,la,regis et electoris.,/Users/shaotongsmac/Desktop/bullinger-htr/train/extracted_0_2000/0-2000-out/la/1967_04_r1l4.png,Not reviewed,,,
448,1999,1999_01,1999_01_r1l14,la,In ceremoniarum doctrina inter ecclesiam nostram,/Users/shaotongsmac/Desktop/bullinger-htr/train/extracted_0_2000/0-2000-out/la/1999_01_r1l14.png,Not reviewed,,,
449,1177,1177_00,1177_00_r1l5,la,"Valentinus Pacęus, contionator Lipsensis; tu certiora velis",/Users/shaotongsmac/Desktop/bullinger-htr/train/extracted_0_2000/0-2000-out/la/1177_00_r1l5.png,Not reviewed,,,
450,161,161_00,161_00_r1l49,la,posteaquam reversus fuerit a nundinis Francofordiensibus,/Users/shaotongsmac/Desktop/bullinger-htr/train/extracted_0_2000/0-2000-out/la/161_00_r1l49.png,Not reviewed,,,
451,922,922_00,922_00_r2l25,la,"pręterea humana prudentia, qui iudicant, religionem quidem repurgandam, sed in ea vellent",/Users/shaotongsmac/Desktop/bullinger-htr/train/extracted_0_2000/0-2000-out/la/922_00_r2l25.png,Not reviewed,,,
452,1832,1832_02,1832_02_r1l9,la,"meo, ut e s perferend s ad vos Froschovero praebenti syngrapham (scis enim",/Users/shaotongsmac/Desktop/bullinger-htr/train/extracted_0_2000/0-2000-out/la/1832_02_r1l9.png,Not reviewed,,,
453,367,367_02,367_02_r3l20,de,"so gar argwönig, denn wenn man nitt dardurch verston wil das",/Users/shaotongsmac/Desktop/bullinger-htr/train/extracted_0_2000/0-2000-out/de/367_02_r3l20.png,Not reviewed,,,
454,472,472_00,472_00_r1l31,de,Daß haben wir euch,/Users/shaotongsmac/Desktop/bullinger-htr/train/extracted_0_2000/0-2000-out/de/472_00_r1l31.png,Not reviewed,,,
455,804,804_03,804_03_r1l14,de,"meiner lieben schwöster, darzuͦ mein begeren weder",/Users/shaotongsmac/Desktop/bullinger-htr/train/extracted_0_2000/0-2000-out/de/804_03_r1l14.png,Not reviewed,,,
456,1523,1523_00,1523_00_r1l2,la,verbi ministerio,/Users/shaotongsmac/Desktop/bullinger-htr/train/extracted_0_2000/0-2000-out/la/1523_00_r1l2.png,Not reviewed,,,
457,1448,1448_01,1448_01_r1l28,la,"fatear, difficulter eius abitum patior. Redeat,",/Users/shaotongsmac/Desktop/bullinger-htr/train/extracted_0_2000/0-2000-out/la/1448_01_r1l28.png,Not reviewed,,,
458,1982,1982_01,1982_01_r2l15,la,"Helvetii, alterius cerdonis mutua stipulatione, quod allatis armis confligere vellent",/Users/shaotongsmac/Desktop/bullinger-htr/train/extracted_0_2000/0-2000-out/la/1982_01_r2l15.png,Not reviewed,,,
459,285,285_00,285_00_r1l22,la,"D. Iodocus et ego, ut vos ipsum non tantum nobis, sed et",/Users/shaotongsmac/Desktop/bullinger-htr/train/extracted_0_2000/0-2000-out/la/285_00_r1l22.png,Not reviewed,,,
460,1513,1513_01,1513_01_r1l5,la,autoribus. Fenestra Turcę aperta est; veniat igitur et,/Users/shaotongsmac/Desktop/bullinger-htr/train/extracted_0_2000/0-2000-out/la/1513_01_r1l5.png,Not reviewed,,,
461,521,521_01,521_01_r1l21,la,potius omnia antichristi.,/Users/shaotongsmac/Desktop/bullinger-htr/train/extracted_0_2000/0-2000-out/la/521_01_r1l21.png,Not reviewed,,,
462,380,380_00,380_00_r2l15,la,"afferebantur, ut inde agere ex officio et virum optimum denuo",/Users/shaotongsmac/Desktop/bullinger-htr/train/extracted_0_2000/0-2000-out/la/380_00_r2l15.png,Not reviewed,,,
463,819,819_00,819_00_r2l17,la,"sit. Eum libellum quidam ex nostris, qui illinc iis diebus rediit, legisse aiebat,",/Users/shaotongsmac/Desktop/bullinger-htr/train/extracted_0_2000/0-2000-out/la/819_00_r2l17.png,Not reviewed,,,
464,1351,1351_00,1351_00_r1l24,la,"veri est, mox Cęsar cum fratre mittit, muneribus obruit novis, quo suo",/Users/shaotongsmac/Desktop/bullinger-htr/train/extracted_0_2000/0-2000-out/la/1351_00_r1l24.png,Not reviewed,,,
465,858,858_00,858_00_r2l8,la,"studium omnibus, praesertim eiusdem professionis, consulendi. Quare,",/Users/shaotongsmac/Desktop/bullinger-htr/train/extracted_0_2000/0-2000-out/la/858_00_r2l8.png,Not reviewed,,,
466,599,599_00,599_00_r1l33,la,"posses, scio. Ego, quod Aarovię me dominus esse voluerit, curabo",/Users/shaotongsmac/Desktop/bullinger-htr/train/extracted_0_2000/0-2000-out/la/599_00_r1l33.png,Not reviewed,,,
467,442,442_00,442_00_r1l7,la,"De Cęsare tacetur, tametsi scriptum sit ad Bernates ipsum obpressurum",/Users/shaotongsmac/Desktop/bullinger-htr/train/extracted_0_2000/0-2000-out/la/442_00_r1l7.png,Not reviewed,,,
468,1975,1975_00,1975_00_r1l29,la,"usus, quem apud vos habetis, certiores facias. Superest adhuc unum,",/Users/shaotongsmac/Desktop/bullinger-htr/train/extracted_0_2000/0-2000-out/la/1975_00_r1l29.png,Not reviewed,,,
469,1121,1121_00,1121_00_r1l24,la,"Aquilę animus fortassis maior est viribus corporis; mirere profecto, qui vitalis",/Users/shaotongsmac/Desktop/bullinger-htr/train/extracted_0_2000/0-2000-out/la/1121_00_r1l24.png,Not reviewed,,,
470,1448,1448_00,1448_00_r2l4,la,"ad te dederim, colendissime compater, tuę quas",/Users/shaotongsmac/Desktop/bullinger-htr/train/extracted_0_2000/0-2000-out/la/1448_00_r2l4.png,Not reviewed,,,
471,1665,1665_01,1665_01_r1l3,la,"alios explet literis et omnia, quę novit, infarcit, me non salutat etc. Vale iterum cum tuis in domino. Basileę in",/Users/shaotongsmac/Desktop/bullinger-htr/train/extracted_0_2000/0-2000-out/la/1665_01_r1l3.png,Not reviewed,,,
472,425,425_00,425_00_r2l6,de,"Caesar hat allen schmalkaldischen houptlüt verzigen, usgenomen",/Users/shaotongsmac/Desktop/bullinger-htr/train/extracted_0_2000/0-2000-out/de/425_00_r2l6.png,Not reviewed,,,
473,1043,1043_00,1043_00_r1l9,la,nos probat variis modis et sectis ante diem suum extremum. Si aliquid,/Users/shaotongsmac/Desktop/bullinger-htr/train/extracted_0_2000/0-2000-out/la/1043_00_r1l9.png,Not reviewed,,,
474,459,459_01,459_01_r1l10,de,"Der knecht hat wellen mit im reden. Es ist der thurn uffthon,",/Users/shaotongsmac/Desktop/bullinger-htr/train/extracted_0_2000/0-2000-out/de/459_01_r1l10.png,Not reviewed,,,
475,1370,1370_03,1370_03_r3l3,la,ministro verbi dei fidelissimo,/Users/shaotongsmac/Desktop/bullinger-htr/train/extracted_0_2000/0-2000-out/la/1370_03_r3l3.png,Not reviewed,,,
476,744,744_01,744_01_r1l5,la,indies in sinu cum propheta Elia paucitatem piorum et veritatis eversionem maestus,/Users/shaotongsmac/Desktop/bullinger-htr/train/extracted_0_2000/0-2000-out/la/744_01_r1l5.png,Not reviewed,,,
477,26,26_00,26_00_r1l5,la,"es morum suavitate et benignitate animi, ut ex omni parte velis",/Users/shaotongsmac/Desktop/bullinger-htr/train/extracted_0_2000/0-2000-out/la/26_00_r1l5.png,Not reviewed,,,
478,1164,1164_00,1164_00_r2l8,la,portui nullis porro malis obnoxia futura fortiter appulit. Utinam ipsi quoque,/Users/shaotongsmac/Desktop/bullinger-htr/train/extracted_0_2000/0-2000-out/la/1164_00_r2l8.png,Not reviewed,,,
479,429,429_02,429_02_r2l28,de,knaben oder zwen; es wirt imm und uns allen zuͦ guͦtem,/Users/shaotongsmac/Desktop/bullinger-htr/train/extracted_0_2000/0-2000-out/de/429_02_r2l28.png,Not reviewed,,,
480,855,855_00,855_00_r2l27,la,"etiam suos locos. Ora dominum, ut spiritu",/Users/shaotongsmac/Desktop/bullinger-htr/train/extracted_0_2000/0-2000-out/la/855_00_r2l27.png,Not reviewed,,,
481,1472,1472_00,1472_00_r1l50,la,adoptionem vero ex ęterna dei electione fluere. Hic autem impostor,/Users/shaotongsmac/Desktop/bullinger-htr/train/extracted_0_2000/0-2000-out/la/1472_00_r1l50.png,Not reviewed,,,
482,1353,1353_00,1353_00_r2l17,de,in erfarung habt. Gott verzihe im und sye im,/Users/shaotongsmac/Desktop/bullinger-htr/train/extracted_0_2000/0-2000-out/de/1353_00_r2l17.png,Not reviewed,,,
483,1651,1651_01,1651_01_r2l11,la,Rostochii in feriis pentecostes anno,/Users/shaotongsmac/Desktop/bullinger-htr/train/extracted_0_2000/0-2000-out/la/1651_01_r2l11.png,Not reviewed,,,
484,472,472_00,472_00_r1l4,de,"Unnseren gruß zuͦvor, wolgelerter, lieber",/Users/shaotongsmac/Desktop/bullinger-htr/train/extracted_0_2000/0-2000-out/de/472_00_r1l4.png,Not reviewed,,,
485,270,270_00,270_00_r1l2,la,S. in domino. Varia dicuntur apud de tua inconstantia in concionando;,/Users/shaotongsmac/Desktop/bullinger-htr/train/extracted_0_2000/0-2000-out/la/270_00_r1l2.png,Not reviewed,,,
486,595,595_01,595_01_r1l48,la,"invigilabo ac urate, ut in honesta retineantur disciplina et",/Users/shaotongsmac/Desktop/bullinger-htr/train/extracted_0_2000/0-2000-out/la/595_01_r1l48.png,Not reviewed,,,
487,95,95_00,95_00_r1l24,la,"tempora et proximum in parietem talis nobis moles atrocium studiorum imminet,",/Users/shaotongsmac/Desktop/bullinger-htr/train/extracted_0_2000/0-2000-out/la/95_00_r1l24.png,Not reviewed,,,
488,1887,1887_01,1887_01_r1l42,la,autem scis in eius Apologia corporalem,/Users/shaotongsmac/Desktop/bullinger-htr/train/extracted_0_2000/0-2000-out/la/1887_01_r1l42.png,Not reviewed,,,
489,1052,1052_00,1052_00_r2l13,la,et in morte Granvellae altero iam orbatum oculo; solum enim restare,/Users/shaotongsmac/Desktop/bullinger-htr/train/extracted_0_2000/0-2000-out/la/1052_00_r2l13.png,Not reviewed,,,
490,24,24_00,24_00_r1l1,la,Argentinae 30. Januarii 1548.,/Users/shaotongsmac/Desktop/bullinger-htr/train/extracted_0_2000/0-2000-out/la/24_00_r1l1.png,Not reviewed,,,
491,1889,1889_00,1889_00_r1l41,la,Iosias Simlerus.,/Users/shaotongsmac/Desktop/bullinger-htr/train/extracted_0_2000/0-2000-out/la/1889_00_r1l41.png,Not reviewed,,,
492,1561,1561_00,1561_00_r2l12,la,"gratos tibi optatosque esse, qui de virorum principum",/Users/shaotongsmac/Desktop/bullinger-htr/train/extracted_0_2000/0-2000-out/la/1561_00_r2l12.png,Not reviewed,,,
493,907,907_00,907_00_r1l6,la,atque calumniis implent et vix nisi modesta severitate in officio,/Users/shaotongsmac/Desktop/bullinger-htr/train/extracted_0_2000/0-2000-out/la/907_00_r1l6.png,Not reviewed,,,
494,734,734_01,734_01_r2l11,de,ain ieder Pont für ain ort gerechnet und iede 300 kronen zuͦr,/Users/shaotongsmac/Desktop/bullinger-htr/train/extracted_0_2000/0-2000-out/de/734_01_r2l11.png,Not reviewed,,,
495,486,486_01,486_01_r1l6,la,nihil habeo quod,/Users/shaotongsmac/Desktop/bullinger-htr/train/extracted_0_2000/0-2000-out/la/486_01_r1l6.png,Not reviewed,,,
496,1804,1804_01,1804_01_r1l5,la,Tigurum.,/Users/shaotongsmac/Desktop/bullinger-htr/train/extracted_0_2000/0-2000-out/la/1804_01_r1l5.png,Not reviewed,,,
497,499,499_00,499_00_r3l21,la,"Stompheo,",/Users/shaotongsmac/Desktop/bullinger-htr/train/extracted_0_2000/0-2000-out/la/499_00_r3l21.png,Not reviewed,,,
498,949,949_00,949_00_r2l29,la,"chronica vestratia eo precio, quo mihi vendidit, pro tribus videlicet florenis et dimidio;",/Users/shaotongsmac/Desktop/bullinger-htr/train/extracted_0_2000/0-2000-out/la/949_00_r2l29.png,Not reviewed,,,
499,1456,1456_00,1456_00_r1l7,la,Monachi splendide acceptus ac cum summo gaudio acceptus Oenispontem,/Users/shaotongsmac/Desktop/bullinger-htr/train/extracted_0_2000/0-2000-out/la/1456_00_r1l7.png,Not reviewed,,,
500,1203,1203_01,1203_01_r1l13,la,pera sua absconsum teneat Hispanus et quid,/Users/shaotongsmac/Desktop/bullinger-htr/train/extracted_0_2000/0-2000-out/la/1203_01_r1l13.png,Not reviewed,,,
